Making all in src
make[1]: Entering directory '/home/joe/src/sleepybishop/emane/src'
Making all in libemane
make[2]: Entering directory '/home/joe/src/sleepybishop/emane/src/libemane'
make  all-am
make[3]: Entering directory '/home/joe/src/sleepybishop/emane/src/libemane'
make[3]: Nothing to be done for 'all-am'.
make[3]: Leaving directory '/home/joe/src/sleepybishop/emane/src/libemane'
make[2]: Leaving directory '/home/joe/src/sleepybishop/emane/src/libemane'
Making all in agents
make[2]: Entering directory '/home/joe/src/sleepybishop/emane/src/agents'
Making all in gpsdlocation
make[3]: Entering directory '/home/joe/src/sleepybishop/emane/src/agents/gpsdlocation'
make  all-am
make[4]: Entering directory '/home/joe/src/sleepybishop/emane/src/agents/gpsdlocation'
make[4]: Nothing to be done for 'all-am'.
make[4]: Leaving directory '/home/joe/src/sleepybishop/emane/src/agents/gpsdlocation'
make[3]: Leaving directory '/home/joe/src/sleepybishop/emane/src/agents/gpsdlocation'
make[3]: Entering directory '/home/joe/src/sleepybishop/emane/src/agents'
make[3]: Nothing to be done for 'all-am'.
make[3]: Leaving directory '/home/joe/src/sleepybishop/emane/src/agents'
make[2]: Leaving directory '/home/joe/src/sleepybishop/emane/src/agents'
Making all in applications
make[2]: Entering directory '/home/joe/src/sleepybishop/emane/src/applications'
Making all in emane
make[3]: Entering directory '/home/joe/src/sleepybishop/emane/src/applications/emane'
cd ../../../rust/emane-core && cargo build
   Compiling emane-core v0.1.0 (/home/joe/src/sleepybishop/emane/rust/emane-core)
warning: unused import: `std::os::raw::c_char`
 --> emane-core/src/control_port.rs:6:5
  |
6 | use std::os::raw::c_char;
  |     ^^^^^^^^^^^^^^^^^^^^
  |
  = note: `#[warn(unused_imports)]` (part of `#[warn(unused)]`) on by default

warning: unused import: `std::os::raw::c_void`
 --> emane-core/src/events.rs:3:5
  |
3 | use std::os::raw::c_void;
  |     ^^^^^^^^^^^^^^^^^^^^

warning: unused import: `CString`
 --> emane-core/src/config.rs:4:22
  |
4 | use std::ffi::{CStr, CString};
  |                      ^^^^^^^

warning: unused import: `emane_rs_regex_free`
 --> emane-core/src/config.rs:5:44
  |
5 | use crate::regex::{emane_rs_regex_compile, emane_rs_regex_free, emane_rs_...
  |                                            ^^^^^^^^^^^^^^^^^^^

warning: unused import: `HashSet`
 --> emane-core/src/buildid.rs:1:33
  |
1 | use std::collections::{HashMap, HashSet};
  |                                 ^^^^^^^

warning: unused import: `HashSet`
 --> emane-core/src/event_service.rs:1:33
  |
1 | use std::collections::{HashMap, HashSet};
  |                                 ^^^^^^^

warning: unused import: `c_int`
 --> emane-core/src/ota_manager.rs:4:36
  |
4 | use std::os::raw::{c_void, c_char, c_int};
  |                                    ^^^^^

warning: unused import: `c_ushort`
  --> emane-core/src/ota_manager.rs:11:61
   |
11 | use libc::{c_uint, setsockopt, SOL_SOCKET, SO_BINDTODEVICE, c_ushort};
   |                                                             ^^^^^^^^

warning: unused import: `std::time::Duration`
 --> emane-core/src/tdma_mac.rs:1:5
  |
1 | use std::time::Duration;
  |     ^^^^^^^^^^^^^^^^^^^

warning: unused import: `crate::nem_layer_stack::NemLayerStack`
 --> emane-core/src/nem_impl.rs:2:5
  |
2 | use crate::nem_layer_stack::NemLayerStack;
  |     ^^^^^^^^^^^^^^^^^^^^^^^^^^^^^^^^^^^^^

warning: unused import: `c_void`
 --> emane-core/src/spectral_mask.rs:4:28
  |
4 | use std::os::raw::{c_char, c_void};
  |                            ^^^^^^

warning: unused import: `c_void`
 --> emane-core/src/antenna.rs:4:28
  |
4 | use std::os::raw::{c_char, c_void};
  |                            ^^^^^^

warning: unused import: `std::ffi::c_void`
 --> emane-core/src/noise_recorder.rs:4:5
  |
4 | use std::ffi::c_void;
  |     ^^^^^^^^^^^^^^^^

warning: unused import: `std::collections::HashMap`
 --> emane-core/src/fading_manager.rs:1:5
  |
1 | use std::collections::HashMap;
  |     ^^^^^^^^^^^^^^^^^^^^^^^^^

warning: unused import: `BTreeMap`
 --> emane-core/src/spectrum_monitor.rs:2:42
  |
2 | use std::collections::{HashMap, HashSet, BTreeMap};
  |                                          ^^^^^^^^

warning: unused imports: `frequency_overlap_ratio` and `get_manager`
 --> emane-core/src/spectrum_monitor.rs:5:28
  |
5 | use crate::spectral_mask::{get_manager, frequency_overlap_ratio};
  |                            ^^^^^^^^^^^  ^^^^^^^^^^^^^^^^^^^^^^^

warning: unused import: `c_int`
 --> emane-core/src/receive_processor.rs:2:28
  |
2 | use std::os::raw::{c_void, c_int};
  |                            ^^^^^

warning: unused import: `EmaneGainResult`
 --> emane-core/src/receive_processor.rs:4:65
  |
4 | ...in_manager_determine_gain, EmaneGainResult};
  |                               ^^^^^^^^^^^^^^^

warning: unused import: `c_char`
 --> emane-core/src/common_layer_statistics.rs:3:28
  |
3 | use std::os::raw::{c_void, c_char};
  |                            ^^^^^^

warning: unused import: `std::collections::HashMap`
 --> emane-core/src/common_layer_statistics.rs:4:5
  |
4 | use std::collections::HashMap;
  |     ^^^^^^^^^^^^^^^^^^^^^^^^^

warning: unused import: `std::ffi::CStr`
 --> emane-core/src/nem_stateful_layer.rs:3:5
  |
3 | use std::ffi::CStr;
  |     ^^^^^^^^^^^^^^

warning: unused import: `PathBuf`
 --> emane-core/src/xml_parser.rs:3:23
  |
3 | use std::path::{Path, PathBuf};
  |                       ^^^^^^^

warning: unused import: `c_int`
 --> emane-core/src/gpsd_location_agent.rs:1:36
  |
1 | use std::os::raw::{c_char, c_void, c_int, c_double};
  |                                    ^^^^^

warning: unused import: `CString`
 --> emane-core/src/gpsd_location_agent.rs:2:16
  |
2 | use std::ffi::{CString, CStr};
  |                ^^^^^^^

warning: unused import: `std::ptr`
 --> emane-core/src/gpsd_location_agent.rs:3:5
  |
3 | use std::ptr;
  |     ^^^^^^^^

warning: unused import: `std::fs`
 --> emane-core/src/gpsd_location_agent.rs:4:5
  |
4 | use std::fs;
  |     ^^^^^^^

warning: unused imports: `open`, `read`, and `unlink`
 --> emane-core/src/gpsd_location_agent.rs:5:12
  |
5 | ...::{open, grantpt, unlockpt, posix_openpt, ptsname_r, O_RDWR, O_NOCTTY, read, write, time, gmtime_r, time_t, tm, unlink};
  |       ^^^^                                                                ^^^^                                     ^^^^^^

warning: unused imports: `c_char`, `c_int`, `ioctl`, and `sockaddr_in`
 --> emane-core/src/tuntap.rs:1:12
  |
1 | ...::{c_int, c_char, ifreq, ioctl, IFF_TAP, IFF_NO_PI, IFF_UP, IFF_NOARP, sockaddr_in};
  |       ^^^^^  ^^^^^^         ^^^^^                                         ^^^^^^^^^^^

warning: unused import: `std::ffi::CStr`
 --> emane-core/src/tuntap.rs:2:5
  |
2 | use std::ffi::CStr;
  |     ^^^^^^^^^^^^^^

warning: unused import: `std::ptr`
 --> emane-core/src/tuntap.rs:4:5
  |
4 | use std::ptr;
  |     ^^^^^^^^

warning: unnecessary `unsafe` block
   --> emane-core/src/control_port.rs:296:29
    |
296 | ...                   unsafe {
    |                       ^^^^^^ unnecessary `unsafe` block
    |
    = note: `#[warn(unused_unsafe)]` (part of `#[warn(unused)]`) on by default

warning: variable does not need to be mutable
   --> emane-core/src/events.rs:552:17
    |
552 |             let mut loc = emane_message::location_event::Location {
    |                 ----^^^
    |                 |
    |                 help: remove this `mut`
    |
    = note: `#[warn(unused_mut)]` (part of `#[warn(unused)]`) on by default

warning: unnecessary `unsafe` block
   --> emane-core/src/config.rs:189:21
    |
189 | ...   regex_ptr = unsafe { emane_rs_regex_compile(s_regex, regex_err.as...
    |                   ^^^^^^ unnecessary `unsafe` block

warning: unnecessary `unsafe` block
   --> emane-core/src/config.rs:250:21
    |
250 | ...   regex_ptr = unsafe { emane_rs_regex_compile(s_regex, regex_err.as...
    |                   ^^^^^^ unnecessary `unsafe` block

warning: unnecessary `unsafe` block
   --> emane-core/src/config.rs:533:35
    |
533 | ...   let matched = unsafe { emane_rs_regex_match(info.regex_ptr.0, c_s...
    |                     ^^^^^^ unnecessary `unsafe` block

warning: value assigned to `p_size` is never read
   --> emane-core/src/ota_manager.rs:502:13
    |
502 |             p_size -= take;
    |             ^^^^^^^^^^^^^^
    |
    = help: maybe it is overwritten before being read?
    = note: `#[warn(unused_assignments)]` (part of `#[warn(unused)]`) on by default

warning: unnecessary `unsafe` block
   --> emane-core/src/nem_manager.rs:213:9
    |
213 |         unsafe {
    |         ^^^^^^ unnecessary `unsafe` block

warning: unnecessary `unsafe` block
   --> emane-core/src/nem_manager.rs:229:5
    |
229 |     unsafe {
    |     ^^^^^^ unnecessary `unsafe` block

warning: unused variable: `ptr`
  --> emane-core/src/mac_layer.rs:65:48
   |
65 | ...ane_rs_mac_layer_configure(ptr: *mut MacLayer, update: *mut c_void) {
   |                               ^^^ help: if this is intentional, prefix it with an underscore: `_ptr`
   |
   = note: `#[warn(unused_variables)]` (part of `#[warn(unused)]`) on by default

warning: unused variable: `update`
  --> emane-core/src/mac_layer.rs:65:68
   |
65 | ...gure(ptr: *mut MacLayer, update: *mut c_void) {
   |                             ^^^^^^ help: if this is intentional, prefix it with an underscore: `_update`

warning: unnecessary `unsafe` block
  --> emane-core/src/nem_impl.rs:45:9
   |
45 |         unsafe {
   |         ^^^^^^ unnecessary `unsafe` block

warning: unnecessary `unsafe` block
  --> emane-core/src/nem_impl.rs:67:9
   |
67 |         unsafe {
   |         ^^^^^^ unnecessary `unsafe` block

warning: variable does not need to be mutable
  --> emane-core/src/spectrum_window_utils.rs:94:21
   |
94 |                 let mut vals = d_previous.clone();
   |                     ----^^^^
   |                     |
   |                     help: remove this `mut`

warning: value assigned to `pending_end` is never read
   --> emane-core/src/noise_recorder.rs:278:39
    |
278 |                 let mut pending_end = 0;
    |                                       ^ this value is reassigned later and never used
...
314 |                     pending_end = sub_band_bin_end;
    |                     ------------------------------ `pending_end` is overwritten here before the previous value is read

warning: value assigned to `remote_gain_dbi` is never read
   --> emane-core/src/gain_manager.rs:155:31
    |
155 |     let mut remote_gain_dbi = 0.0;
    |                               ^^^ this value is reassigned later and never used
...
186 |                 remote_gain_dbi = tx_gain + tx_blockage;
    |                 --------------------------------------- `remote_gain_dbi` is overwritten here before the previous value is read

warning: value assigned to `local_gain_dbi` is never read
   --> emane-core/src/gain_manager.rs:156:30
    |
156 |     let mut local_gain_dbi = 0.0;
    |                              ^^^ this value is reassigned later and never used
...
223 |                 local_gain_dbi = rx_gain + rx_blockage;
    |                 -------------------------------------- `local_gain_dbi` is overwritten here before the previous value is read

warning: unused variable: `ptr`
  --> emane-core/src/fading_manager.rs:46:59
   |
46 | ...ngmanager_update_selection(ptr: *mut FadingManager, nem_id: u16, mode...
   |                               ^^^ help: if this is intentional, prefix it with an underscore: `_ptr`

warning: unused variable: `nem_id`
  --> emane-core/src/fading_manager.rs:46:84
   |
46 | ...ptr: *mut FadingManager, nem_id: u16, model: u32) {
   |                             ^^^^^^ help: if this is intentional, prefix it with an underscore: `_nem_id`

warning: unused variable: `model`
  --> emane-core/src/fading_manager.rs:46:97
   |
46 | ...ingManager, nem_id: u16, model: u32) {
   |                             ^^^^^ help: if this is intentional, prefix it with an underscore: `_model`

warning: unused variable: `ptr`
  --> emane-core/src/fading_manager.rs:67:55
   |
67 | ...fadingmanager_create_store(ptr: *mut FadingManager) -> *mut FadingAlg...
   |                               ^^^ help: if this is intentional, prefix it with an underscore: `_ptr`

warning: variable `total_len` is assigned to, but never used
   --> emane-core/src/boundary_message_manager.rs:207:9
    |
207 |     let mut total_len = 0;
    |         ^^^^^^^^^^^^^
    |
    = note: consider using `_total_len` instead

warning: value assigned to `total_len` is never read
   --> emane-core/src/boundary_message_manager.rs:214:9
    |
214 |         total_len += iov_slice[i].iov_len;
    |         ^^^^^^^^^^^^^^^^^^^^^^^^^^^^^^^^^
    |
    = help: maybe it is overwritten before being read?

warning: unused variable: `now`
   --> emane-core/src/spectrum_monitor.rs:291:9
    |
291 |         now: i64,
    |         ^^^ help: if this is intentional, prefix it with an underscore: `_now`

warning: unused variable: `tx_time`
   --> emane-core/src/spectrum_monitor.rs:292:9
    |
292 |         tx_time: i64,
    |         ^^^^^^^ help: if this is intentional, prefix it with an underscore: `_tx_time`

warning: unused variable: `propagation_delay`
   --> emane-core/src/spectrum_monitor.rs:293:9
    |
293 |         propagation_delay: i64,
    |         ^^^^^^^^^^^^^^^^^ help: if this is intentional, prefix it with an underscore: `_propagation_delay`

warning: unused variable: `d_doppler_factor`
   --> emane-core/src/spectrum_monitor.rs:294:9
    |
294 |         d_doppler_factor: f64,
    |         ^^^^^^^^^^^^^^^^ help: if this is intentional, prefix it with an underscore: `_d_doppler_factor`

warning: unused variable: `segments`
   --> emane-core/src/spectrum_monitor.rs:295:9
    |
295 |         segments: &[FfiFrequencySegment],
    |         ^^^^^^^^ help: if this is intentional, prefix it with an underscore: `_segments`

warning: unused variable: `u64_segment_bandwidth_hz`
   --> emane-core/src/spectrum_monitor.rs:296:9
    |
296 |         u64_segment_bandwidth_hz: u64,
    |         ^^^^^^^^^^^^^^^^^^^^^^^^ help: if this is intentional, prefix it with an underscore: `_u64_segment_bandwidth_hz`

warning: unused variable: `rx_powers_milli_watt`
   --> emane-core/src/spectrum_monitor.rs:297:9
    |
297 |         rx_powers_milli_watt: &[f64],
    |         ^^^^^^^^^^^^^^^^^^^^ help: if this is intentional, prefix it with an underscore: `_rx_powers_milli_watt`

warning: unused variable: `b_in_band`
   --> emane-core/src/spectrum_monitor.rs:298:9
    |
298 |         b_in_band: bool,
    |         ^^^^^^^^^ help: if this is intentional, prefix it with an underscore: `_b_in_band`

warning: unused variable: `transmitters`
   --> emane-core/src/spectrum_monitor.rs:299:9
    |
299 |         transmitters: &[u16],
    |         ^^^^^^^^^^^^ help: if this is intentional, prefix it with an underscore: `_transmitters`

warning: unused variable: `u16_sub_id`
   --> emane-core/src/spectrum_monitor.rs:300:9
    |
300 |         u16_sub_id: u16,
    |         ^^^^^^^^^^ help: if this is intentional, prefix it with an underscore: `_u16_sub_id`

warning: unused variable: `tx_antenna_index`
   --> emane-core/src/spectrum_monitor.rs:301:9
    |
301 |         tx_antenna_index: u16,
    |         ^^^^^^^^^^^^^^^^ help: if this is intentional, prefix it with an underscore: `_tx_antenna_index`

warning: unused variable: `spectral_mask_index`
   --> emane-core/src/spectrum_monitor.rs:302:9
    |
302 |         spectral_mask_index: u16,
    |         ^^^^^^^^^^^^^^^^^^^ help: if this is intentional, prefix it with an underscore: `_spectral_mask_index`

warning: unused variable: `filter_data_ptr`
   --> emane-core/src/spectrum_monitor.rs:303:9
    |
303 |         filter_data_ptr: *const u8,
    |         ^^^^^^^^^^^^^^^ help: if this is intentional, prefix it with an underscore: `_filter_data_ptr`

warning: unused variable: `filter_data_len`
   --> emane-core/src/spectrum_monitor.rs:304:9
    |
304 |         filter_data_len: usize,
    |         ^^^^^^^^^^^^^^^ help: if this is intentional, prefix it with an underscore: `_filter_data_len`

warning: unnecessary `unsafe` block
   --> emane-core/src/receive_processor.rs:178:35
    |
178 | ...   let gain_result = unsafe { emane_rs_gain_manager_determine_gain(r...
    |                         ^^^^^^ unnecessary `unsafe` block

warning: unused variable: `optional_filter_data`
   --> emane-core/src/receive_processor.rs:329:5
    |
329 |     optional_filter_data: *const c_void,
    |     ^^^^^^^^^^^^^^^^^^^^ help: if this is intentional, prefix it with an underscore: `_optional_filter_data`

warning: unused variable: `result_ptr`
   --> emane-core/src/receive_processor.rs:330:5
    |
330 |     result_ptr: *mut c_void
    |     ^^^^^^^^^^ help: if this is intentional, prefix it with an underscore: `_result_ptr`

warning: unused variable: `id`
   --> emane-core/src/factory_manager.rs:339:5
    |
339 |     id: u16,
    |     ^^ help: if this is intentional, prefix it with an underscore: `_id`

warning: unnecessary `unsafe` block
  --> emane-core/src/tuntap.rs:35:9
   |
35 |         unsafe {
   |         ^^^^^^ unnecessary `unsafe` block

warning: unnecessary `unsafe` block
  --> emane-core/src/tuntap.rs:99:9
   |
99 |         unsafe {
   |         ^^^^^^ unnecessary `unsafe` block

warning: unnecessary `unsafe` block
  --> emane-core/src/virtual_transport.rs:78:25
   |
78 |                         unsafe {
   |                         ^^^^^^ unnecessary `unsafe` block

warning: unnecessary `unsafe` block
  --> emane-core/src/raw_transport.rs:99:21
   |
99 |                     unsafe {
   |                     ^^^^^^ unnecessary `unsafe` block

warning: variable does not need to be mutable
   --> emane-core/src/eel_generator.rs:190:9
    |
190 |     let mut has_events = false;
    |         ----^^^^^^^^^^
    |         |
    |         help: remove this `mut`

warning: unused variable: `has_events`
   --> emane-core/src/eel_generator.rs:190:9
    |
190 |     let mut has_events = false;
    |         ^^^^^^^^^^^^^^ help: if this is intentional, prefix it with an underscore: `_has_events`

warning: unused variable: `i`
   --> emane-core/src/eel_generator.rs:191:9
    |
191 |     for i in 0..num_plugins {
    |         ^ help: if this is intentional, prefix it with an underscore: `_i`

warning: field `name` is never read
  --> emane-core/src/statistics.rs:85:5
   |
84 | pub struct StatisticInfo {
   |            ------------- field in this struct
85 |     name: String,
   |     ^^^^
   |
   = note: `#[warn(dead_code)]` (part of `#[warn(unused)]`) on by default

warning: field `name` is never read
  --> emane-core/src/statistics.rs:93:5
   |
92 | pub struct StatisticTableInfo {
   |            ------------------ field in this struct
93 |     name: String,
   |     ^^^^

warning: function `is_clearable` is never used
   --> emane-core/src/statistics.rs:124:4
    |
124 | fn is_clearable(properties: u64) -> bool {
    |    ^^^^^^^^^^^^

warning: function `emane_c_log_debug` is never used
  --> emane-core/src/event_service.rs:11:8
   |
11 |     fn emane_c_log_debug(msg: *const c_char);
   |        ^^^^^^^^^^^^^^^^^

warning: field `nem_id` is never read
  --> emane-core/src/neighbor_metric_manager.rs:21:5
   |
20 | struct NeighborData {
   |        ------------ field in this struct
21 |     nem_id: u16,
   |     ^^^^^^
   |
   = note: `NeighborData` has a derived impl for the trait `Clone`, but this is intentionally ignored during dead code analysis

warning: fields `nem_id` and `last_neighbor_status_update_time` are never read
  --> emane-core/src/neighbor_metric_manager.rs:71:5
   |
70 | pub struct NeighborMetricManager {
   |            --------------------- fields in this struct
71 |     nem_id: u16,
   |     ^^^^^^
...
75 |     last_neighbor_status_update_time: Duration,
   |     ^^^^^^^^^^^^^^^^^^^^^^^^^^^^^^^^

warning: field `nem_id` is never read
  --> emane-core/src/queue_metric_manager.rs:38:5
   |
37 | pub struct QueueMetricManager {
   |            ------------------ field in this struct
38 |     nem_id: u16,
   |     ^^^^^^

warning: field `nem_id` is never read
  --> emane-core/src/rf_signal_table.rs:38:5
   |
37 | pub struct RFSignalTable {
   |            ------------- field in this struct
38 |     nem_id: u16,
   |     ^^^^^^

warning: field `id` is never read
 --> emane-core/src/tdma_mac.rs:6:5
  |
5 | pub struct TdmaMac {
  |            ------- field in this struct
6 |     id: u16,
  |     ^^

warning: function `emane_c_mac_plugin_configure` is never used
  --> emane-core/src/mac_layer.rs:18:8
   |
18 |     fn emane_c_mac_plugin_configure(plugin: *mut c_void, update: *mut c_...
   |        ^^^^^^^^^^^^^^^^^^^^^^^^^^^^

warning: field `id` is never read
  --> emane-core/src/nem_impl.rs:12:5
   |
11 | pub struct NemImpl {
   |            ------- field in this struct
12 |     id: u16,
   |     ^^

warning: field `nem_id` is never read
  --> emane-core/src/location_manager.rs:10:5
   |
 9 | pub struct LocationManagerImpl {
   |            ------------------- field in this struct
10 |     nem_id: u16,
   |     ^^^^^^

warning: field `nem_id` is never read
  --> emane-core/src/fading_manager.rs:13:5
   |
12 | pub struct FadingManager {
   |            ------------- field in this struct
13 |     nem_id: u16,
   |     ^^^^^^

warning: field `id` is never read
  --> emane-core/src/boundary_message_manager.rs:14:5
   |
13 | pub struct BoundaryMessageManagerState {
   |            --------------------------- field in this struct
14 |     id: u16,
   |     ^^

warning: fields `transmitter_spectral_mask_cache` and `filter_transmitter_spectral_mask_cache` are never read
   --> emane-core/src/spectrum_monitor.rs:97:5
    |
 87 | pub struct SpectrumMonitor {
    |            --------------- fields in this struct
...
 97 |     transmitter_spectral_mask_cache: HashMap<u64, (HashMap<u64, Vec<Noi...
    |     ^^^^^^^^^^^^^^^^^^^^^^^^^^^^^^^
...
109 |     filter_transmitter_spectral_mask_cache: HashMap<u64, (HashMap<u64, ...
    |     ^^^^^^^^^^^^^^^^^^^^^^^^^^^^^^^^^^^^^^

warning: function `doppler_shift` is never used
   --> emane-core/src/spectrum_monitor.rs:112:4
    |
112 | fn doppler_shift(freq: u64, doppler_factor: f64) -> i64 {
    |    ^^^^^^^^^^^^^

warning: function `emane_rs_filter_match` is never used
  --> emane-core/src/spectrum_monitor.rs:56:8
   |
56 |     fn emane_rs_filter_match(
   |        ^^^^^^^^^^^^^^^^^^^^^

warning: function `emane_c_location_infos_size` is never used
  --> emane-core/src/receive_processor.rs:40:8
   |
40 |     fn emane_c_location_infos_size(vec_ptr: *const c_void) -> usize;
   |        ^^^^^^^^^^^^^^^^^^^^^^^^^^^

warning: function `emane_c_fading_infos_size` is never used
  --> emane-core/src/receive_processor.rs:43:8
   |
43 |     fn emane_c_fading_infos_size(vec_ptr: *const c_void) -> usize;
   |        ^^^^^^^^^^^^^^^^^^^^^^^^^

warning: field `nem_id` is never read
 --> emane-core/src/gpsd_location_agent.rs:8:5
  |
7 | pub struct GpsdLocationAgent {
  |            ----------------- field in this struct
8 |     nem_id: u16,
  |     ^^^^^^

warning: constant `SIOCSIFADDR` is never used
 --> emane-core/src/tuntap.rs:9:7
  |
9 | const SIOCSIFADDR: u64 = 0x8916;
  |       ^^^^^^^^^^^

warning: constant `SIOCSIFNETMASK` is never used
  --> emane-core/src/tuntap.rs:10:7
   |
10 | const SIOCSIFNETMASK: u64 = 0x891c;
   |       ^^^^^^^^^^^^^^

warning: field `id` is never read
  --> emane-core/src/raw_transport.rs:10:5
   |
 9 | pub struct RawTransport {
   |            ------------ field in this struct
10 |     id: u16,
   |     ^^

warning: `extern` block uses type `[u64; 4]`, which is not FFI-safe
   --> /home/joe/src/sleepybishop/emane/rust/target/debug/build/emane-core-c557cceca8880c7f/out/bindings.rs:567:80
    |
567 | ..., bWithPort: bool) -> std_string;
    |                          ^^^^^^^^^^ not FFI-safe
    |
    = help: consider passing a pointer to the array
    = note: passing raw arrays by value is not FFI-safe
    = note: `#[warn(improper_ctypes)]` on by default

warning: `extern` block uses type `[u64; 4]`, which is not FFI-safe
   --> /home/joe/src/sleepybishop/emane/rust/target/debug/build/emane-core-c557cceca8880c7f/out/bindings.rs:886:58
    |
886 |     pub fn EMANE_Any_asString(this: *const EMANE_Any) -> std_string;
    |                                                          ^^^^^^^^^^ not FFI-safe
    |
    = help: consider passing a pointer to the array
    = note: passing raw arrays by value is not FFI-safe

warning: `extern` block uses type `[u64; 4]`, which is not FFI-safe
   --> /home/joe/src/sleepybishop/emane/rust/target/debug/build/emane-core-c557cceca8880c7f/out/bindings.rs:896:58
    |
896 |     pub fn EMANE_Any_toString(this: *const EMANE_Any) -> std_string;
    |                                                          ^^^^^^^^^^ not FFI-safe
    |
    = help: consider passing a pointer to the array
    = note: passing raw arrays by value is not FFI-safe

warning: `extern` block uses type `[u64; 4]`, which is not FFI-safe
   --> /home/joe/src/sleepybishop/emane/rust/target/debug/build/emane-core-c557cceca8880c7f/out/bindings.rs:901:37
    |
901 |     pub fn EMANE_Any_create(sValue: std_string, type_: EMANE_Any_Type) ...
    |                                     ^^^^^^^^^^ not FFI-safe
    |
    = help: consider passing a pointer to the array
    = note: passing raw arrays by value is not FFI-safe

warning: `extern` block uses type `[u64; 4]`, which is not FFI-safe
    --> /home/joe/src/sleepybishop/emane/rust/target/debug/build/emane-core-c557cceca8880c7f/out/bindings.rs:1195:67
     |
1195 | ...st EMANE_Any_Type) -> std_string;
     |                          ^^^^^^^^^^ not FFI-safe
     |
     = help: consider passing a pointer to the array
     = note: passing raw arrays by value is not FFI-safe

warning: `extern` block uses type `[u64; 3]`, which is not FFI-safe
    --> /home/joe/src/sleepybishop/emane/rust/target/debug/build/emane-core-c557cceca8880c7f/out/bindings.rs:2990:80
     |
2990 | ...CommonPHYHeader) -> EMANE_Strings;
     |                        ^^^^^^^^^^^^^ not FFI-safe
     |
     = help: consider passing a pointer to the array
     = note: passing raw arrays by value is not FFI-safe

warning: unused return value of `Box::<T>::from_raw` that must be used
   --> emane-core/src/neighbor_metric_manager.rs:320:18
    |
320 |         unsafe { Box::from_raw(ptr); }
    |                  ^^^^^^^^^^^^^^^^^^
    |
    = note: call `drop(Box::from_raw(ptr))` if you intend to drop the `Box`
    = note: `#[warn(unused_must_use)]` (part of `#[warn(unused)]`) on by default
help: use `let _ = ...` to ignore the resulting value
    |
320 |         unsafe { let _ = Box::from_raw(ptr); }
    |                  +++++++

warning: unused return value of `Box::<T>::from_raw` that must be used
   --> emane-core/src/queue_metric_manager.rs:123:18
    |
123 |         unsafe { Box::from_raw(ptr); }
    |                  ^^^^^^^^^^^^^^^^^^
    |
    = note: call `drop(Box::from_raw(ptr))` if you intend to drop the `Box`
help: use `let _ = ...` to ignore the resulting value
    |
123 |         unsafe { let _ = Box::from_raw(ptr); }
    |                  +++++++

warning: creating a shared reference to mutable static
   --> emane-core/src/spectral_mask.rs:257:12
    |
257 |         if MANAGER.is_none() {
    |            ^^^^^^^^^^^^^^^^^ shared reference to mutable static
    |
    = note: shared references to mutable statics are dangerous; it's undefined behavior if the static is mutated or if a mutable reference is created for it while the shared reference lives
    = note: for more information, see <https://doc.rust-lang.org/edition-guide/rust-2024/static-mut-references.html>
    = note: `#[warn(static_mut_refs)]` (part of `#[warn(rust_2024_compatibility)]`) on by default

warning: creating a mutable reference to mutable static
   --> emane-core/src/spectral_mask.rs:260:9
    |
260 |         MANAGER.as_mut().unwrap()
    |         ^^^^^^^^^^^^^^^^ mutable reference to mutable static
    |
    = note: mutable references to mutable statics are dangerous; it's undefined behavior if any other pointer to the static is used or if any other reference is created for the static while the mutable reference lives
    = note: for more information, see <https://doc.rust-lang.org/edition-guide/rust-2024/static-mut-references.html>

warning: creating a shared reference to mutable static
   --> emane-core/src/antenna.rs:191:12
    |
191 |         if MANAGER.is_none() {
    |            ^^^^^^^^^^^^^^^^^ shared reference to mutable static
    |
    = note: shared references to mutable statics are dangerous; it's undefined behavior if the static is mutated or if a mutable reference is created for it while the shared reference lives
    = note: for more information, see <https://doc.rust-lang.org/edition-guide/rust-2024/static-mut-references.html>

warning: creating a mutable reference to mutable static
   --> emane-core/src/antenna.rs:194:9
    |
194 |         MANAGER.as_mut().unwrap()
    |         ^^^^^^^^^^^^^^^^ mutable reference to mutable static
    |
    = note: mutable references to mutable statics are dangerous; it's undefined behavior if any other pointer to the static is used or if any other reference is created for the static while the mutable reference lives
    = note: for more information, see <https://doc.rust-lang.org/edition-guide/rust-2024/static-mut-references.html>

warning: `emane-core` (lib) generated 112 warnings (run `cargo fix --lib -p emane-core` to apply 58 suggestions)
warning: field `config` is never read
  --> emane-core/src/bin/emanetransportd.rs:38:5
   |
37 | pub struct TransportDirector {
   |            ----------------- field in this struct
38 |     config: TransportConfig,
   |     ^^^^^^
   |
   = note: `#[warn(dead_code)]` (part of `#[warn(unused)]`) on by default

warning: unused import: `ParamValues`
 --> emane-core/src/bin/emane.rs:1:56
  |
1 | use emane_core::xml_parser::{parse_platform, ParamMap, ParamValues};
  |                                                        ^^^^^^^^^^^
  |
  = note: `#[warn(unused_imports)]` (part of `#[warn(unused)]`) on by default

warning: variable does not need to be mutable
   --> emane-core/src/bin/emaneeventservice.rs:149:13
    |
149 |         let mut t = unsafe { libc::time(std::ptr::null_mut()) };
    |             ----^
    |             |
    |             help: remove this `mut`
    |
    = note: `#[warn(unused_mut)]` (part of `#[warn(unused)]`) on by default

warning: field `config` is never read
  --> emane-core/src/bin/emaneeventservice.rs:37:5
   |
36 | pub struct EventDirector {
   |            ------------- field in this struct
37 |     config: EventServiceConfig,
   |     ^^^^^^
   |
   = note: `#[warn(dead_code)]` (part of `#[warn(unused)]`) on by default

warning: variable `daemonize` is assigned to, but never used
  --> emane-core/src/bin/emane.rs:89:9
   |
89 |     let mut daemonize = false;
   |         ^^^^^^^^^^^^^
   |
   = note: consider using `_daemonize` instead
   = note: `#[warn(unused_variables)]` (part of `#[warn(unused)]`) on by default

warning: variable `log_file` is assigned to, but never used
  --> emane-core/src/bin/emane.rs:90:9
   |
90 |     let mut log_file = None;
   |         ^^^^^^^^^^^^
   |
   = note: consider using `_log_file` instead

warning: variable `log_level` is assigned to, but never used
  --> emane-core/src/bin/emane.rs:91:9
   |
91 |     let mut log_level = 2;
   |         ^^^^^^^^^^^^^
   |
   = note: consider using `_log_level` instead

warning: variable `pid_file` is assigned to, but never used
  --> emane-core/src/bin/emane.rs:92:9
   |
92 |     let mut pid_file = None;
   |         ^^^^^^^^^^^^
   |
   = note: consider using `_pid_file` instead

warning: variable `priority` is assigned to, but never used
  --> emane-core/src/bin/emane.rs:93:9
   |
93 |     let mut priority = 50;
   |         ^^^^^^^^^^^^
   |
   = note: consider using `_priority` instead

warning: variable `realtime` is assigned to, but never used
  --> emane-core/src/bin/emane.rs:94:9
   |
94 |     let mut realtime = false;
   |         ^^^^^^^^^^^^
   |
   = note: consider using `_realtime` instead

warning: variable `syslog` is assigned to, but never used
  --> emane-core/src/bin/emane.rs:95:9
   |
95 |     let mut syslog = false;
   |         ^^^^^^^^^^
   |
   = note: consider using `_syslog` instead

warning: variable `uuid_file` is assigned to, but never used
  --> emane-core/src/bin/emane.rs:96:9
   |
96 |     let mut uuid_file = None;
   |         ^^^^^^^^^^^^^
   |
   = note: consider using `_uuid_file` instead

warning: value assigned to `daemonize` is never read
   --> emane-core/src/bin/emane.rs:101:37
    |
101 |             "-d" | "--daemonize" => daemonize = true,
    |                                     ^^^^^^^^^^^^^^^^
    |
    = help: maybe it is overwritten before being read?
    = note: `#[warn(unused_assignments)]` (part of `#[warn(unused)]`) on by default

warning: value assigned to `log_file` is never read
   --> emane-core/src/bin/emane.rs:114:37
    |
114 |                 if i < args.len() { log_file = Some(args[i].clone()); }
    |                                     ^^^^^^^^
    |
    = help: maybe it is overwritten before being read?

warning: value assigned to `log_level` is never read
   --> emane-core/src/bin/emane.rs:118:37
    |
118 | ...   if i < args.len() { log_level = args[i].parse().unwrap_or(2); }
    |                           ^^^^^^^^^^^^^^^^^^^^^^^^^^^^^^^^^^^^^^^^
    |
    = help: maybe it is overwritten before being read?

warning: value assigned to `pid_file` is never read
   --> emane-core/src/bin/emane.rs:122:37
    |
122 |                 if i < args.len() { pid_file = Some(args[i].clone()); }
    |                                     ^^^^^^^^
    |
    = help: maybe it is overwritten before being read?

warning: value assigned to `priority` is never read
   --> emane-core/src/bin/emane.rs:126:37
    |
126 | ...   if i < args.len() { priority = args[i].parse().unwrap_or(50); }
    |                           ^^^^^^^^^^^^^^^^^^^^^^^^^^^^^^^^^^^^^^^^
    |
    = help: maybe it is overwritten before being read?

warning: value assigned to `realtime` is never read
   --> emane-core/src/bin/emane.rs:102:36
    |
102 |             "-r" | "--realtime" => realtime = true,
    |                                    ^^^^^^^^^^^^^^^
    |
    = help: maybe it is overwritten before being read?

warning: value assigned to `syslog` is never read
   --> emane-core/src/bin/emane.rs:103:27
    |
103 |             "--syslog" => syslog = true,
    |                           ^^^^^^^^^^^^^
    |
    = help: maybe it is overwritten before being read?

warning: value assigned to `uuid_file` is never read
   --> emane-core/src/bin/emane.rs:130:37
    |
130 |                 if i < args.len() { uuid_file = Some(args[i].clone()); }
    |                                     ^^^^^^^^^
    |
    = help: maybe it is overwritten before being read?

warning: `emane-core` (bin "emanetransportd") generated 1 warning
warning: `emane-core` (bin "emaneeventservice") generated 2 warnings (run `cargo fix --bin "emaneeventservice" -p emane-core` to apply 1 suggestion)
warning: `emane-core` (bin "emane") generated 17 warnings (run `cargo fix --bin "emane" -p emane-core` to apply 1 suggestion)
    Finished `dev` profile [unoptimized + debuginfo] target(s) in 1.57s
cp ../../../rust/target/debug/emane ./emane
make[3]: Leaving directory '/home/joe/src/sleepybishop/emane/src/applications/emane'
Making all in emaneeventd
make[3]: Entering directory '/home/joe/src/sleepybishop/emane/src/applications/emaneeventd'
cd ../../../rust/emane-core && cargo build
warning: unused import: `std::os::raw::c_char`
 --> emane-core/src/control_port.rs:6:5
  |
6 | use std::os::raw::c_char;
  |     ^^^^^^^^^^^^^^^^^^^^
  |
  = note: `#[warn(unused_imports)]` (part of `#[warn(unused)]`) on by default

warning: unused import: `std::os::raw::c_void`
 --> emane-core/src/events.rs:3:5
  |
3 | use std::os::raw::c_void;
  |     ^^^^^^^^^^^^^^^^^^^^

warning: unused import: `CString`
 --> emane-core/src/config.rs:4:22
  |
4 | use std::ffi::{CStr, CString};
  |                      ^^^^^^^

warning: unused import: `emane_rs_regex_free`
 --> emane-core/src/config.rs:5:44
  |
5 | use crate::regex::{emane_rs_regex_compile, emane_rs_regex_free, emane_rs_...
  |                                            ^^^^^^^^^^^^^^^^^^^

warning: unused import: `HashSet`
 --> emane-core/src/buildid.rs:1:33
  |
1 | use std::collections::{HashMap, HashSet};
  |                                 ^^^^^^^

warning: unused import: `HashSet`
 --> emane-core/src/event_service.rs:1:33
  |
1 | use std::collections::{HashMap, HashSet};
  |                                 ^^^^^^^

warning: unused import: `c_int`
 --> emane-core/src/ota_manager.rs:4:36
  |
4 | use std::os::raw::{c_void, c_char, c_int};
  |                                    ^^^^^

warning: unused import: `c_ushort`
  --> emane-core/src/ota_manager.rs:11:61
   |
11 | use libc::{c_uint, setsockopt, SOL_SOCKET, SO_BINDTODEVICE, c_ushort};
   |                                                             ^^^^^^^^

warning: unused import: `std::time::Duration`
 --> emane-core/src/tdma_mac.rs:1:5
  |
1 | use std::time::Duration;
  |     ^^^^^^^^^^^^^^^^^^^

warning: unused import: `crate::nem_layer_stack::NemLayerStack`
 --> emane-core/src/nem_impl.rs:2:5
  |
2 | use crate::nem_layer_stack::NemLayerStack;
  |     ^^^^^^^^^^^^^^^^^^^^^^^^^^^^^^^^^^^^^

warning: unused import: `c_void`
 --> emane-core/src/spectral_mask.rs:4:28
  |
4 | use std::os::raw::{c_char, c_void};
  |                            ^^^^^^

warning: unused import: `c_void`
 --> emane-core/src/antenna.rs:4:28
  |
4 | use std::os::raw::{c_char, c_void};
  |                            ^^^^^^

warning: unused import: `std::ffi::c_void`
 --> emane-core/src/noise_recorder.rs:4:5
  |
4 | use std::ffi::c_void;
  |     ^^^^^^^^^^^^^^^^

warning: unused import: `std::collections::HashMap`
 --> emane-core/src/fading_manager.rs:1:5
  |
1 | use std::collections::HashMap;
  |     ^^^^^^^^^^^^^^^^^^^^^^^^^

warning: unused import: `BTreeMap`
 --> emane-core/src/spectrum_monitor.rs:2:42
  |
2 | use std::collections::{HashMap, HashSet, BTreeMap};
  |                                          ^^^^^^^^

warning: unused imports: `frequency_overlap_ratio` and `get_manager`
 --> emane-core/src/spectrum_monitor.rs:5:28
  |
5 | use crate::spectral_mask::{get_manager, frequency_overlap_ratio};
  |                            ^^^^^^^^^^^  ^^^^^^^^^^^^^^^^^^^^^^^

warning: unused import: `c_int`
 --> emane-core/src/receive_processor.rs:2:28
  |
2 | use std::os::raw::{c_void, c_int};
  |                            ^^^^^

warning: unused import: `EmaneGainResult`
 --> emane-core/src/receive_processor.rs:4:65
  |
4 | ...in_manager_determine_gain, EmaneGainResult};
  |                               ^^^^^^^^^^^^^^^

warning: unused import: `c_char`
 --> emane-core/src/common_layer_statistics.rs:3:28
  |
3 | use std::os::raw::{c_void, c_char};
  |                            ^^^^^^

warning: unused import: `std::collections::HashMap`
 --> emane-core/src/common_layer_statistics.rs:4:5
  |
4 | use std::collections::HashMap;
  |     ^^^^^^^^^^^^^^^^^^^^^^^^^

warning: unused import: `std::ffi::CStr`
 --> emane-core/src/nem_stateful_layer.rs:3:5
  |
3 | use std::ffi::CStr;
  |     ^^^^^^^^^^^^^^

warning: unused import: `PathBuf`
 --> emane-core/src/xml_parser.rs:3:23
  |
3 | use std::path::{Path, PathBuf};
  |                       ^^^^^^^

warning: unused import: `c_int`
 --> emane-core/src/gpsd_location_agent.rs:1:36
  |
1 | use std::os::raw::{c_char, c_void, c_int, c_double};
  |                                    ^^^^^

warning: unused import: `CString`
 --> emane-core/src/gpsd_location_agent.rs:2:16
  |
2 | use std::ffi::{CString, CStr};
  |                ^^^^^^^

warning: unused import: `std::ptr`
 --> emane-core/src/gpsd_location_agent.rs:3:5
  |
3 | use std::ptr;
  |     ^^^^^^^^

warning: unused import: `std::fs`
 --> emane-core/src/gpsd_location_agent.rs:4:5
  |
4 | use std::fs;
  |     ^^^^^^^

warning: unused imports: `open`, `read`, and `unlink`
 --> emane-core/src/gpsd_location_agent.rs:5:12
  |
5 | ...::{open, grantpt, unlockpt, posix_openpt, ptsname_r, O_RDWR, O_NOCTTY, read, write, time, gmtime_r, time_t, tm, unlink};
  |       ^^^^                                                                ^^^^                                     ^^^^^^

warning: unused imports: `c_char`, `c_int`, `ioctl`, and `sockaddr_in`
 --> emane-core/src/tuntap.rs:1:12
  |
1 | ...::{c_int, c_char, ifreq, ioctl, IFF_TAP, IFF_NO_PI, IFF_UP, IFF_NOARP, sockaddr_in};
  |       ^^^^^  ^^^^^^         ^^^^^                                         ^^^^^^^^^^^

warning: unused import: `std::ffi::CStr`
 --> emane-core/src/tuntap.rs:2:5
  |
2 | use std::ffi::CStr;
  |     ^^^^^^^^^^^^^^

warning: unused import: `std::ptr`
 --> emane-core/src/tuntap.rs:4:5
  |
4 | use std::ptr;
  |     ^^^^^^^^

warning: unnecessary `unsafe` block
   --> emane-core/src/control_port.rs:296:29
    |
296 | ...                   unsafe {
    |                       ^^^^^^ unnecessary `unsafe` block
    |
    = note: `#[warn(unused_unsafe)]` (part of `#[warn(unused)]`) on by default

warning: variable does not need to be mutable
   --> emane-core/src/events.rs:552:17
    |
552 |             let mut loc = emane_message::location_event::Location {
    |                 ----^^^
    |                 |
    |                 help: remove this `mut`
    |
    = note: `#[warn(unused_mut)]` (part of `#[warn(unused)]`) on by default

warning: unnecessary `unsafe` block
   --> emane-core/src/config.rs:189:21
    |
189 | ...   regex_ptr = unsafe { emane_rs_regex_compile(s_regex, regex_err.as...
    |                   ^^^^^^ unnecessary `unsafe` block

warning: unnecessary `unsafe` block
   --> emane-core/src/config.rs:250:21
    |
250 | ...   regex_ptr = unsafe { emane_rs_regex_compile(s_regex, regex_err.as...
    |                   ^^^^^^ unnecessary `unsafe` block

warning: unnecessary `unsafe` block
   --> emane-core/src/config.rs:533:35
    |
533 | ...   let matched = unsafe { emane_rs_regex_match(info.regex_ptr.0, c_s...
    |                     ^^^^^^ unnecessary `unsafe` block

warning: value assigned to `p_size` is never read
   --> emane-core/src/ota_manager.rs:502:13
    |
502 |             p_size -= take;
    |             ^^^^^^^^^^^^^^
    |
    = help: maybe it is overwritten before being read?
    = note: `#[warn(unused_assignments)]` (part of `#[warn(unused)]`) on by default

warning: unnecessary `unsafe` block
   --> emane-core/src/nem_manager.rs:213:9
    |
213 |         unsafe {
    |         ^^^^^^ unnecessary `unsafe` block

warning: unnecessary `unsafe` block
   --> emane-core/src/nem_manager.rs:229:5
    |
229 |     unsafe {
    |     ^^^^^^ unnecessary `unsafe` block

warning: unused variable: `ptr`
  --> emane-core/src/mac_layer.rs:65:48
   |
65 | ...ane_rs_mac_layer_configure(ptr: *mut MacLayer, update: *mut c_void) {
   |                               ^^^ help: if this is intentional, prefix it with an underscore: `_ptr`
   |
   = note: `#[warn(unused_variables)]` (part of `#[warn(unused)]`) on by default

warning: unused variable: `update`
  --> emane-core/src/mac_layer.rs:65:68
   |
65 | ...gure(ptr: *mut MacLayer, update: *mut c_void) {
   |                             ^^^^^^ help: if this is intentional, prefix it with an underscore: `_update`

warning: unnecessary `unsafe` block
  --> emane-core/src/nem_impl.rs:45:9
   |
45 |         unsafe {
   |         ^^^^^^ unnecessary `unsafe` block

warning: unnecessary `unsafe` block
  --> emane-core/src/nem_impl.rs:67:9
   |
67 |         unsafe {
   |         ^^^^^^ unnecessary `unsafe` block

warning: variable does not need to be mutable
  --> emane-core/src/spectrum_window_utils.rs:94:21
   |
94 |                 let mut vals = d_previous.clone();
   |                     ----^^^^
   |                     |
   |                     help: remove this `mut`

warning: value assigned to `pending_end` is never read
   --> emane-core/src/noise_recorder.rs:278:39
    |
278 |                 let mut pending_end = 0;
    |                                       ^ this value is reassigned later and never used
...
314 |                     pending_end = sub_band_bin_end;
    |                     ------------------------------ `pending_end` is overwritten here before the previous value is read

warning: value assigned to `remote_gain_dbi` is never read
   --> emane-core/src/gain_manager.rs:155:31
    |
155 |     let mut remote_gain_dbi = 0.0;
    |                               ^^^ this value is reassigned later and never used
...
186 |                 remote_gain_dbi = tx_gain + tx_blockage;
    |                 --------------------------------------- `remote_gain_dbi` is overwritten here before the previous value is read

warning: value assigned to `local_gain_dbi` is never read
   --> emane-core/src/gain_manager.rs:156:30
    |
156 |     let mut local_gain_dbi = 0.0;
    |                              ^^^ this value is reassigned later and never used
...
223 |                 local_gain_dbi = rx_gain + rx_blockage;
    |                 -------------------------------------- `local_gain_dbi` is overwritten here before the previous value is read

warning: unused variable: `ptr`
  --> emane-core/src/fading_manager.rs:46:59
   |
46 | ...ngmanager_update_selection(ptr: *mut FadingManager, nem_id: u16, mode...
   |                               ^^^ help: if this is intentional, prefix it with an underscore: `_ptr`

warning: unused variable: `nem_id`
  --> emane-core/src/fading_manager.rs:46:84
   |
46 | ...ptr: *mut FadingManager, nem_id: u16, model: u32) {
   |                             ^^^^^^ help: if this is intentional, prefix it with an underscore: `_nem_id`

warning: unused variable: `model`
  --> emane-core/src/fading_manager.rs:46:97
   |
46 | ...ingManager, nem_id: u16, model: u32) {
   |                             ^^^^^ help: if this is intentional, prefix it with an underscore: `_model`

warning: unused variable: `ptr`
  --> emane-core/src/fading_manager.rs:67:55
   |
67 | ...fadingmanager_create_store(ptr: *mut FadingManager) -> *mut FadingAlg...
   |                               ^^^ help: if this is intentional, prefix it with an underscore: `_ptr`

warning: variable `total_len` is assigned to, but never used
   --> emane-core/src/boundary_message_manager.rs:207:9
    |
207 |     let mut total_len = 0;
    |         ^^^^^^^^^^^^^
    |
    = note: consider using `_total_len` instead

warning: value assigned to `total_len` is never read
   --> emane-core/src/boundary_message_manager.rs:214:9
    |
214 |         total_len += iov_slice[i].iov_len;
    |         ^^^^^^^^^^^^^^^^^^^^^^^^^^^^^^^^^
    |
    = help: maybe it is overwritten before being read?

warning: unused variable: `now`
   --> emane-core/src/spectrum_monitor.rs:291:9
    |
291 |         now: i64,
    |         ^^^ help: if this is intentional, prefix it with an underscore: `_now`

warning: unused variable: `tx_time`
   --> emane-core/src/spectrum_monitor.rs:292:9
    |
292 |         tx_time: i64,
    |         ^^^^^^^ help: if this is intentional, prefix it with an underscore: `_tx_time`

warning: unused variable: `propagation_delay`
   --> emane-core/src/spectrum_monitor.rs:293:9
    |
293 |         propagation_delay: i64,
    |         ^^^^^^^^^^^^^^^^^ help: if this is intentional, prefix it with an underscore: `_propagation_delay`

warning: unused variable: `d_doppler_factor`
   --> emane-core/src/spectrum_monitor.rs:294:9
    |
294 |         d_doppler_factor: f64,
    |         ^^^^^^^^^^^^^^^^ help: if this is intentional, prefix it with an underscore: `_d_doppler_factor`

warning: unused variable: `segments`
   --> emane-core/src/spectrum_monitor.rs:295:9
    |
295 |         segments: &[FfiFrequencySegment],
    |         ^^^^^^^^ help: if this is intentional, prefix it with an underscore: `_segments`

warning: unused variable: `u64_segment_bandwidth_hz`
   --> emane-core/src/spectrum_monitor.rs:296:9
    |
296 |         u64_segment_bandwidth_hz: u64,
    |         ^^^^^^^^^^^^^^^^^^^^^^^^ help: if this is intentional, prefix it with an underscore: `_u64_segment_bandwidth_hz`

warning: unused variable: `rx_powers_milli_watt`
   --> emane-core/src/spectrum_monitor.rs:297:9
    |
297 |         rx_powers_milli_watt: &[f64],
    |         ^^^^^^^^^^^^^^^^^^^^ help: if this is intentional, prefix it with an underscore: `_rx_powers_milli_watt`

warning: unused variable: `b_in_band`
   --> emane-core/src/spectrum_monitor.rs:298:9
    |
298 |         b_in_band: bool,
    |         ^^^^^^^^^ help: if this is intentional, prefix it with an underscore: `_b_in_band`

warning: unused variable: `transmitters`
   --> emane-core/src/spectrum_monitor.rs:299:9
    |
299 |         transmitters: &[u16],
    |         ^^^^^^^^^^^^ help: if this is intentional, prefix it with an underscore: `_transmitters`

warning: unused variable: `u16_sub_id`
   --> emane-core/src/spectrum_monitor.rs:300:9
    |
300 |         u16_sub_id: u16,
    |         ^^^^^^^^^^ help: if this is intentional, prefix it with an underscore: `_u16_sub_id`

warning: unused variable: `tx_antenna_index`
   --> emane-core/src/spectrum_monitor.rs:301:9
    |
301 |         tx_antenna_index: u16,
    |         ^^^^^^^^^^^^^^^^ help: if this is intentional, prefix it with an underscore: `_tx_antenna_index`

warning: unused variable: `spectral_mask_index`
   --> emane-core/src/spectrum_monitor.rs:302:9
    |
302 |         spectral_mask_index: u16,
    |         ^^^^^^^^^^^^^^^^^^^ help: if this is intentional, prefix it with an underscore: `_spectral_mask_index`

warning: unused variable: `filter_data_ptr`
   --> emane-core/src/spectrum_monitor.rs:303:9
    |
303 |         filter_data_ptr: *const u8,
    |         ^^^^^^^^^^^^^^^ help: if this is intentional, prefix it with an underscore: `_filter_data_ptr`

warning: unused variable: `filter_data_len`
   --> emane-core/src/spectrum_monitor.rs:304:9
    |
304 |         filter_data_len: usize,
    |         ^^^^^^^^^^^^^^^ help: if this is intentional, prefix it with an underscore: `_filter_data_len`

warning: unnecessary `unsafe` block
   --> emane-core/src/receive_processor.rs:178:35
    |
178 | ...   let gain_result = unsafe { emane_rs_gain_manager_determine_gain(r...
    |                         ^^^^^^ unnecessary `unsafe` block

warning: unused variable: `optional_filter_data`
   --> emane-core/src/receive_processor.rs:329:5
    |
329 |     optional_filter_data: *const c_void,
    |     ^^^^^^^^^^^^^^^^^^^^ help: if this is intentional, prefix it with an underscore: `_optional_filter_data`

warning: unused variable: `result_ptr`
   --> emane-core/src/receive_processor.rs:330:5
    |
330 |     result_ptr: *mut c_void
    |     ^^^^^^^^^^ help: if this is intentional, prefix it with an underscore: `_result_ptr`

warning: unused variable: `id`
   --> emane-core/src/factory_manager.rs:339:5
    |
339 |     id: u16,
    |     ^^ help: if this is intentional, prefix it with an underscore: `_id`

warning: unnecessary `unsafe` block
  --> emane-core/src/tuntap.rs:35:9
   |
35 |         unsafe {
   |         ^^^^^^ unnecessary `unsafe` block

warning: unnecessary `unsafe` block
  --> emane-core/src/tuntap.rs:99:9
   |
99 |         unsafe {
   |         ^^^^^^ unnecessary `unsafe` block

warning: unnecessary `unsafe` block
  --> emane-core/src/virtual_transport.rs:78:25
   |
78 |                         unsafe {
   |                         ^^^^^^ unnecessary `unsafe` block

warning: unnecessary `unsafe` block
  --> emane-core/src/raw_transport.rs:99:21
   |
99 |                     unsafe {
   |                     ^^^^^^ unnecessary `unsafe` block

warning: variable does not need to be mutable
   --> emane-core/src/eel_generator.rs:190:9
    |
190 |     let mut has_events = false;
    |         ----^^^^^^^^^^
    |         |
    |         help: remove this `mut`

warning: unused variable: `has_events`
   --> emane-core/src/eel_generator.rs:190:9
    |
190 |     let mut has_events = false;
    |         ^^^^^^^^^^^^^^ help: if this is intentional, prefix it with an underscore: `_has_events`

warning: unused variable: `i`
   --> emane-core/src/eel_generator.rs:191:9
    |
191 |     for i in 0..num_plugins {
    |         ^ help: if this is intentional, prefix it with an underscore: `_i`

warning: field `name` is never read
  --> emane-core/src/statistics.rs:85:5
   |
84 | pub struct StatisticInfo {
   |            ------------- field in this struct
85 |     name: String,
   |     ^^^^
   |
   = note: `#[warn(dead_code)]` (part of `#[warn(unused)]`) on by default

warning: field `name` is never read
  --> emane-core/src/statistics.rs:93:5
   |
92 | pub struct StatisticTableInfo {
   |            ------------------ field in this struct
93 |     name: String,
   |     ^^^^

warning: function `is_clearable` is never used
   --> emane-core/src/statistics.rs:124:4
    |
124 | fn is_clearable(properties: u64) -> bool {
    |    ^^^^^^^^^^^^

warning: function `emane_c_log_debug` is never used
  --> emane-core/src/event_service.rs:11:8
   |
11 |     fn emane_c_log_debug(msg: *const c_char);
   |        ^^^^^^^^^^^^^^^^^

warning: field `nem_id` is never read
  --> emane-core/src/neighbor_metric_manager.rs:21:5
   |
20 | struct NeighborData {
   |        ------------ field in this struct
21 |     nem_id: u16,
   |     ^^^^^^
   |
   = note: `NeighborData` has a derived impl for the trait `Clone`, but this is intentionally ignored during dead code analysis

warning: fields `nem_id` and `last_neighbor_status_update_time` are never read
  --> emane-core/src/neighbor_metric_manager.rs:71:5
   |
70 | pub struct NeighborMetricManager {
   |            --------------------- fields in this struct
71 |     nem_id: u16,
   |     ^^^^^^
...
75 |     last_neighbor_status_update_time: Duration,
   |     ^^^^^^^^^^^^^^^^^^^^^^^^^^^^^^^^

warning: field `nem_id` is never read
  --> emane-core/src/queue_metric_manager.rs:38:5
   |
37 | pub struct QueueMetricManager {
   |            ------------------ field in this struct
38 |     nem_id: u16,
   |     ^^^^^^

warning: field `nem_id` is never read
  --> emane-core/src/rf_signal_table.rs:38:5
   |
37 | pub struct RFSignalTable {
   |            ------------- field in this struct
38 |     nem_id: u16,
   |     ^^^^^^

warning: field `id` is never read
 --> emane-core/src/tdma_mac.rs:6:5
  |
5 | pub struct TdmaMac {
  |            ------- field in this struct
6 |     id: u16,
  |     ^^

warning: function `emane_c_mac_plugin_configure` is never used
  --> emane-core/src/mac_layer.rs:18:8
   |
18 |     fn emane_c_mac_plugin_configure(plugin: *mut c_void, update: *mut c_...
   |        ^^^^^^^^^^^^^^^^^^^^^^^^^^^^

warning: field `id` is never read
  --> emane-core/src/nem_impl.rs:12:5
   |
11 | pub struct NemImpl {
   |            ------- field in this struct
12 |     id: u16,
   |     ^^

warning: field `nem_id` is never read
  --> emane-core/src/location_manager.rs:10:5
   |
 9 | pub struct LocationManagerImpl {
   |            ------------------- field in this struct
10 |     nem_id: u16,
   |     ^^^^^^

warning: field `nem_id` is never read
  --> emane-core/src/fading_manager.rs:13:5
   |
12 | pub struct FadingManager {
   |            ------------- field in this struct
13 |     nem_id: u16,
   |     ^^^^^^

warning: field `id` is never read
  --> emane-core/src/boundary_message_manager.rs:14:5
   |
13 | pub struct BoundaryMessageManagerState {
   |            --------------------------- field in this struct
14 |     id: u16,
   |     ^^

warning: fields `transmitter_spectral_mask_cache` and `filter_transmitter_spectral_mask_cache` are never read
   --> emane-core/src/spectrum_monitor.rs:97:5
    |
 87 | pub struct SpectrumMonitor {
    |            --------------- fields in this struct
...
 97 |     transmitter_spectral_mask_cache: HashMap<u64, (HashMap<u64, Vec<Noi...
    |     ^^^^^^^^^^^^^^^^^^^^^^^^^^^^^^^
...
109 |     filter_transmitter_spectral_mask_cache: HashMap<u64, (HashMap<u64, ...
    |     ^^^^^^^^^^^^^^^^^^^^^^^^^^^^^^^^^^^^^^

warning: function `doppler_shift` is never used
   --> emane-core/src/spectrum_monitor.rs:112:4
    |
112 | fn doppler_shift(freq: u64, doppler_factor: f64) -> i64 {
    |    ^^^^^^^^^^^^^

warning: function `emane_rs_filter_match` is never used
  --> emane-core/src/spectrum_monitor.rs:56:8
   |
56 |     fn emane_rs_filter_match(
   |        ^^^^^^^^^^^^^^^^^^^^^

warning: function `emane_c_location_infos_size` is never used
  --> emane-core/src/receive_processor.rs:40:8
   |
40 |     fn emane_c_location_infos_size(vec_ptr: *const c_void) -> usize;
   |        ^^^^^^^^^^^^^^^^^^^^^^^^^^^

warning: function `emane_c_fading_infos_size` is never used
  --> emane-core/src/receive_processor.rs:43:8
   |
43 |     fn emane_c_fading_infos_size(vec_ptr: *const c_void) -> usize;
   |        ^^^^^^^^^^^^^^^^^^^^^^^^^

warning: field `nem_id` is never read
 --> emane-core/src/gpsd_location_agent.rs:8:5
  |
7 | pub struct GpsdLocationAgent {
  |            ----------------- field in this struct
8 |     nem_id: u16,
  |     ^^^^^^

warning: constant `SIOCSIFADDR` is never used
 --> emane-core/src/tuntap.rs:9:7
  |
9 | const SIOCSIFADDR: u64 = 0x8916;
  |       ^^^^^^^^^^^

warning: constant `SIOCSIFNETMASK` is never used
  --> emane-core/src/tuntap.rs:10:7
   |
10 | const SIOCSIFNETMASK: u64 = 0x891c;
   |       ^^^^^^^^^^^^^^

warning: field `id` is never read
  --> emane-core/src/raw_transport.rs:10:5
   |
 9 | pub struct RawTransport {
   |            ------------ field in this struct
10 |     id: u16,
   |     ^^

warning: `extern` block uses type `[u64; 4]`, which is not FFI-safe
   --> /home/joe/src/sleepybishop/emane/rust/target/debug/build/emane-core-c557cceca8880c7f/out/bindings.rs:567:80
    |
567 | ..., bWithPort: bool) -> std_string;
    |                          ^^^^^^^^^^ not FFI-safe
    |
    = help: consider passing a pointer to the array
    = note: passing raw arrays by value is not FFI-safe
    = note: `#[warn(improper_ctypes)]` on by default

warning: `extern` block uses type `[u64; 4]`, which is not FFI-safe
   --> /home/joe/src/sleepybishop/emane/rust/target/debug/build/emane-core-c557cceca8880c7f/out/bindings.rs:886:58
    |
886 |     pub fn EMANE_Any_asString(this: *const EMANE_Any) -> std_string;
    |                                                          ^^^^^^^^^^ not FFI-safe
    |
    = help: consider passing a pointer to the array
    = note: passing raw arrays by value is not FFI-safe

warning: `extern` block uses type `[u64; 4]`, which is not FFI-safe
   --> /home/joe/src/sleepybishop/emane/rust/target/debug/build/emane-core-c557cceca8880c7f/out/bindings.rs:896:58
    |
896 |     pub fn EMANE_Any_toString(this: *const EMANE_Any) -> std_string;
    |                                                          ^^^^^^^^^^ not FFI-safe
    |
    = help: consider passing a pointer to the array
    = note: passing raw arrays by value is not FFI-safe

warning: `extern` block uses type `[u64; 4]`, which is not FFI-safe
   --> /home/joe/src/sleepybishop/emane/rust/target/debug/build/emane-core-c557cceca8880c7f/out/bindings.rs:901:37
    |
901 |     pub fn EMANE_Any_create(sValue: std_string, type_: EMANE_Any_Type) ...
    |                                     ^^^^^^^^^^ not FFI-safe
    |
    = help: consider passing a pointer to the array
    = note: passing raw arrays by value is not FFI-safe

warning: `extern` block uses type `[u64; 4]`, which is not FFI-safe
    --> /home/joe/src/sleepybishop/emane/rust/target/debug/build/emane-core-c557cceca8880c7f/out/bindings.rs:1195:67
     |
1195 | ...st EMANE_Any_Type) -> std_string;
     |                          ^^^^^^^^^^ not FFI-safe
     |
     = help: consider passing a pointer to the array
     = note: passing raw arrays by value is not FFI-safe

warning: `extern` block uses type `[u64; 3]`, which is not FFI-safe
    --> /home/joe/src/sleepybishop/emane/rust/target/debug/build/emane-core-c557cceca8880c7f/out/bindings.rs:2990:80
     |
2990 | ...CommonPHYHeader) -> EMANE_Strings;
     |                        ^^^^^^^^^^^^^ not FFI-safe
     |
     = help: consider passing a pointer to the array
     = note: passing raw arrays by value is not FFI-safe

warning: unused return value of `Box::<T>::from_raw` that must be used
   --> emane-core/src/neighbor_metric_manager.rs:320:18
    |
320 |         unsafe { Box::from_raw(ptr); }
    |                  ^^^^^^^^^^^^^^^^^^
    |
    = note: call `drop(Box::from_raw(ptr))` if you intend to drop the `Box`
    = note: `#[warn(unused_must_use)]` (part of `#[warn(unused)]`) on by default
help: use `let _ = ...` to ignore the resulting value
    |
320 |         unsafe { let _ = Box::from_raw(ptr); }
    |                  +++++++

warning: unused return value of `Box::<T>::from_raw` that must be used
   --> emane-core/src/queue_metric_manager.rs:123:18
    |
123 |         unsafe { Box::from_raw(ptr); }
    |                  ^^^^^^^^^^^^^^^^^^
    |
    = note: call `drop(Box::from_raw(ptr))` if you intend to drop the `Box`
help: use `let _ = ...` to ignore the resulting value
    |
123 |         unsafe { let _ = Box::from_raw(ptr); }
    |                  +++++++

warning: creating a shared reference to mutable static
   --> emane-core/src/spectral_mask.rs:257:12
    |
257 |         if MANAGER.is_none() {
    |            ^^^^^^^^^^^^^^^^^ shared reference to mutable static
    |
    = note: shared references to mutable statics are dangerous; it's undefined behavior if the static is mutated or if a mutable reference is created for it while the shared reference lives
    = note: for more information, see <https://doc.rust-lang.org/edition-guide/rust-2024/static-mut-references.html>
    = note: `#[warn(static_mut_refs)]` (part of `#[warn(rust_2024_compatibility)]`) on by default

warning: creating a mutable reference to mutable static
   --> emane-core/src/spectral_mask.rs:260:9
    |
260 |         MANAGER.as_mut().unwrap()
    |         ^^^^^^^^^^^^^^^^ mutable reference to mutable static
    |
    = note: mutable references to mutable statics are dangerous; it's undefined behavior if any other pointer to the static is used or if any other reference is created for the static while the mutable reference lives
    = note: for more information, see <https://doc.rust-lang.org/edition-guide/rust-2024/static-mut-references.html>

warning: creating a shared reference to mutable static
   --> emane-core/src/antenna.rs:191:12
    |
191 |         if MANAGER.is_none() {
    |            ^^^^^^^^^^^^^^^^^ shared reference to mutable static
    |
    = note: shared references to mutable statics are dangerous; it's undefined behavior if the static is mutated or if a mutable reference is created for it while the shared reference lives
    = note: for more information, see <https://doc.rust-lang.org/edition-guide/rust-2024/static-mut-references.html>

warning: creating a mutable reference to mutable static
   --> emane-core/src/antenna.rs:194:9
    |
194 |         MANAGER.as_mut().unwrap()
    |         ^^^^^^^^^^^^^^^^ mutable reference to mutable static
    |
    = note: mutable references to mutable statics are dangerous; it's undefined behavior if any other pointer to the static is used or if any other reference is created for the static while the mutable reference lives
    = note: for more information, see <https://doc.rust-lang.org/edition-guide/rust-2024/static-mut-references.html>

warning: `emane-core` (lib) generated 112 warnings (run `cargo fix --lib -p emane-core` to apply 58 suggestions)
warning: unused import: `ParamValues`
 --> emane-core/src/bin/emane.rs:1:56
  |
1 | use emane_core::xml_parser::{parse_platform, ParamMap, ParamValues};
  |                                                        ^^^^^^^^^^^
  |
  = note: `#[warn(unused_imports)]` (part of `#[warn(unused)]`) on by default

warning: variable `daemonize` is assigned to, but never used
  --> emane-core/src/bin/emane.rs:89:9
   |
89 |     let mut daemonize = false;
   |         ^^^^^^^^^^^^^
   |
   = note: consider using `_daemonize` instead
   = note: `#[warn(unused_variables)]` (part of `#[warn(unused)]`) on by default

warning: variable `log_file` is assigned to, but never used
  --> emane-core/src/bin/emane.rs:90:9
   |
90 |     let mut log_file = None;
   |         ^^^^^^^^^^^^
   |
   = note: consider using `_log_file` instead

warning: variable `log_level` is assigned to, but never used
  --> emane-core/src/bin/emane.rs:91:9
   |
91 |     let mut log_level = 2;
   |         ^^^^^^^^^^^^^
   |
   = note: consider using `_log_level` instead

warning: variable `pid_file` is assigned to, but never used
  --> emane-core/src/bin/emane.rs:92:9
   |
92 |     let mut pid_file = None;
   |         ^^^^^^^^^^^^
   |
   = note: consider using `_pid_file` instead

warning: variable `priority` is assigned to, but never used
  --> emane-core/src/bin/emane.rs:93:9
   |
93 |     let mut priority = 50;
   |         ^^^^^^^^^^^^
   |
   = note: consider using `_priority` instead

warning: variable `realtime` is assigned to, but never used
  --> emane-core/src/bin/emane.rs:94:9
   |
94 |     let mut realtime = false;
   |         ^^^^^^^^^^^^
   |
   = note: consider using `_realtime` instead

warning: variable `syslog` is assigned to, but never used
  --> emane-core/src/bin/emane.rs:95:9
   |
95 |     let mut syslog = false;
   |         ^^^^^^^^^^
   |
   = note: consider using `_syslog` instead

warning: variable `uuid_file` is assigned to, but never used
  --> emane-core/src/bin/emane.rs:96:9
   |
96 |     let mut uuid_file = None;
   |         ^^^^^^^^^^^^^
   |
   = note: consider using `_uuid_file` instead

warning: value assigned to `daemonize` is never read
   --> emane-core/src/bin/emane.rs:101:37
    |
101 |             "-d" | "--daemonize" => daemonize = true,
    |                                     ^^^^^^^^^^^^^^^^
    |
    = help: maybe it is overwritten before being read?
    = note: `#[warn(unused_assignments)]` (part of `#[warn(unused)]`) on by default

warning: value assigned to `log_file` is never read
   --> emane-core/src/bin/emane.rs:114:37
    |
114 |                 if i < args.len() { log_file = Some(args[i].clone()); }
    |                                     ^^^^^^^^
    |
    = help: maybe it is overwritten before being read?

warning: value assigned to `log_level` is never read
   --> emane-core/src/bin/emane.rs:118:37
    |
118 | ...   if i < args.len() { log_level = args[i].parse().unwrap_or(2); }
    |                           ^^^^^^^^^^^^^^^^^^^^^^^^^^^^^^^^^^^^^^^^
    |
    = help: maybe it is overwritten before being read?

warning: value assigned to `pid_file` is never read
   --> emane-core/src/bin/emane.rs:122:37
    |
122 |                 if i < args.len() { pid_file = Some(args[i].clone()); }
    |                                     ^^^^^^^^
    |
    = help: maybe it is overwritten before being read?

warning: value assigned to `priority` is never read
   --> emane-core/src/bin/emane.rs:126:37
    |
126 | ...   if i < args.len() { priority = args[i].parse().unwrap_or(50); }
    |                           ^^^^^^^^^^^^^^^^^^^^^^^^^^^^^^^^^^^^^^^^
    |
    = help: maybe it is overwritten before being read?

warning: value assigned to `realtime` is never read
   --> emane-core/src/bin/emane.rs:102:36
    |
102 |             "-r" | "--realtime" => realtime = true,
    |                                    ^^^^^^^^^^^^^^^
    |
    = help: maybe it is overwritten before being read?

warning: value assigned to `syslog` is never read
   --> emane-core/src/bin/emane.rs:103:27
    |
103 |             "--syslog" => syslog = true,
    |                           ^^^^^^^^^^^^^
    |
    = help: maybe it is overwritten before being read?

warning: value assigned to `uuid_file` is never read
   --> emane-core/src/bin/emane.rs:130:37
    |
130 |                 if i < args.len() { uuid_file = Some(args[i].clone()); }
    |                                     ^^^^^^^^^
    |
    = help: maybe it is overwritten before being read?

warning: variable does not need to be mutable
   --> emane-core/src/bin/emaneeventservice.rs:149:13
    |
149 |         let mut t = unsafe { libc::time(std::ptr::null_mut()) };
    |             ----^
    |             |
    |             help: remove this `mut`
    |
    = note: `#[warn(unused_mut)]` (part of `#[warn(unused)]`) on by default

warning: field `config` is never read
  --> emane-core/src/bin/emaneeventservice.rs:37:5
   |
36 | pub struct EventDirector {
   |            ------------- field in this struct
37 |     config: EventServiceConfig,
   |     ^^^^^^
   |
   = note: `#[warn(dead_code)]` (part of `#[warn(unused)]`) on by default

warning: field `config` is never read
  --> emane-core/src/bin/emanetransportd.rs:38:5
   |
37 | pub struct TransportDirector {
   |            ----------------- field in this struct
38 |     config: TransportConfig,
   |     ^^^^^^
   |
   = note: `#[warn(dead_code)]` (part of `#[warn(unused)]`) on by default

warning: `emane-core` (bin "emane") generated 17 warnings (run `cargo fix --bin "emane" -p emane-core` to apply 1 suggestion)
warning: `emane-core` (bin "emaneeventservice") generated 2 warnings (run `cargo fix --bin "emaneeventservice" -p emane-core` to apply 1 suggestion)
warning: `emane-core` (bin "emanetransportd") generated 1 warning
    Finished `dev` profile [unoptimized + debuginfo] target(s) in 0.04s
cp ../../../rust/target/debug/emaneeventd ./emaneeventd
make[3]: Leaving directory '/home/joe/src/sleepybishop/emane/src/applications/emaneeventd'
Making all in emaneeventservice
make[3]: Entering directory '/home/joe/src/sleepybishop/emane/src/applications/emaneeventservice'
cd ../../../rust/emane-core && cargo build
warning: unused import: `std::os::raw::c_char`
 --> emane-core/src/control_port.rs:6:5
  |
6 | use std::os::raw::c_char;
  |     ^^^^^^^^^^^^^^^^^^^^
  |
  = note: `#[warn(unused_imports)]` (part of `#[warn(unused)]`) on by default

warning: unused import: `std::os::raw::c_void`
 --> emane-core/src/events.rs:3:5
  |
3 | use std::os::raw::c_void;
  |     ^^^^^^^^^^^^^^^^^^^^

warning: unused import: `CString`
 --> emane-core/src/config.rs:4:22
  |
4 | use std::ffi::{CStr, CString};
  |                      ^^^^^^^

warning: unused import: `emane_rs_regex_free`
 --> emane-core/src/config.rs:5:44
  |
5 | use crate::regex::{emane_rs_regex_compile, emane_rs_regex_free, emane_rs_...
  |                                            ^^^^^^^^^^^^^^^^^^^

warning: unused import: `HashSet`
 --> emane-core/src/buildid.rs:1:33
  |
1 | use std::collections::{HashMap, HashSet};
  |                                 ^^^^^^^

warning: unused import: `HashSet`
 --> emane-core/src/event_service.rs:1:33
  |
1 | use std::collections::{HashMap, HashSet};
  |                                 ^^^^^^^

warning: unused import: `c_int`
 --> emane-core/src/ota_manager.rs:4:36
  |
4 | use std::os::raw::{c_void, c_char, c_int};
  |                                    ^^^^^

warning: unused import: `c_ushort`
  --> emane-core/src/ota_manager.rs:11:61
   |
11 | use libc::{c_uint, setsockopt, SOL_SOCKET, SO_BINDTODEVICE, c_ushort};
   |                                                             ^^^^^^^^

warning: unused import: `std::time::Duration`
 --> emane-core/src/tdma_mac.rs:1:5
  |
1 | use std::time::Duration;
  |     ^^^^^^^^^^^^^^^^^^^

warning: unused import: `crate::nem_layer_stack::NemLayerStack`
 --> emane-core/src/nem_impl.rs:2:5
  |
2 | use crate::nem_layer_stack::NemLayerStack;
  |     ^^^^^^^^^^^^^^^^^^^^^^^^^^^^^^^^^^^^^

warning: unused import: `c_void`
 --> emane-core/src/spectral_mask.rs:4:28
  |
4 | use std::os::raw::{c_char, c_void};
  |                            ^^^^^^

warning: unused import: `c_void`
 --> emane-core/src/antenna.rs:4:28
  |
4 | use std::os::raw::{c_char, c_void};
  |                            ^^^^^^

warning: unused import: `std::ffi::c_void`
 --> emane-core/src/noise_recorder.rs:4:5
  |
4 | use std::ffi::c_void;
  |     ^^^^^^^^^^^^^^^^

warning: unused import: `std::collections::HashMap`
 --> emane-core/src/fading_manager.rs:1:5
  |
1 | use std::collections::HashMap;
  |     ^^^^^^^^^^^^^^^^^^^^^^^^^

warning: unused import: `BTreeMap`
 --> emane-core/src/spectrum_monitor.rs:2:42
  |
2 | use std::collections::{HashMap, HashSet, BTreeMap};
  |                                          ^^^^^^^^

warning: unused imports: `frequency_overlap_ratio` and `get_manager`
 --> emane-core/src/spectrum_monitor.rs:5:28
  |
5 | use crate::spectral_mask::{get_manager, frequency_overlap_ratio};
  |                            ^^^^^^^^^^^  ^^^^^^^^^^^^^^^^^^^^^^^

warning: unused import: `c_int`
 --> emane-core/src/receive_processor.rs:2:28
  |
2 | use std::os::raw::{c_void, c_int};
  |                            ^^^^^

warning: unused import: `EmaneGainResult`
 --> emane-core/src/receive_processor.rs:4:65
  |
4 | ...in_manager_determine_gain, EmaneGainResult};
  |                               ^^^^^^^^^^^^^^^

warning: unused import: `c_char`
 --> emane-core/src/common_layer_statistics.rs:3:28
  |
3 | use std::os::raw::{c_void, c_char};
  |                            ^^^^^^

warning: unused import: `std::collections::HashMap`
 --> emane-core/src/common_layer_statistics.rs:4:5
  |
4 | use std::collections::HashMap;
  |     ^^^^^^^^^^^^^^^^^^^^^^^^^

warning: unused import: `std::ffi::CStr`
 --> emane-core/src/nem_stateful_layer.rs:3:5
  |
3 | use std::ffi::CStr;
  |     ^^^^^^^^^^^^^^

warning: unused import: `PathBuf`
 --> emane-core/src/xml_parser.rs:3:23
  |
3 | use std::path::{Path, PathBuf};
  |                       ^^^^^^^

warning: unused import: `c_int`
 --> emane-core/src/gpsd_location_agent.rs:1:36
  |
1 | use std::os::raw::{c_char, c_void, c_int, c_double};
  |                                    ^^^^^

warning: unused import: `CString`
 --> emane-core/src/gpsd_location_agent.rs:2:16
  |
2 | use std::ffi::{CString, CStr};
  |                ^^^^^^^

warning: unused import: `std::ptr`
 --> emane-core/src/gpsd_location_agent.rs:3:5
  |
3 | use std::ptr;
  |     ^^^^^^^^

warning: unused import: `std::fs`
 --> emane-core/src/gpsd_location_agent.rs:4:5
  |
4 | use std::fs;
  |     ^^^^^^^

warning: unused imports: `open`, `read`, and `unlink`
 --> emane-core/src/gpsd_location_agent.rs:5:12
  |
5 | ...::{open, grantpt, unlockpt, posix_openpt, ptsname_r, O_RDWR, O_NOCTTY, read, write, time, gmtime_r, time_t, tm, unlink};
  |       ^^^^                                                                ^^^^                                     ^^^^^^

warning: unused imports: `c_char`, `c_int`, `ioctl`, and `sockaddr_in`
 --> emane-core/src/tuntap.rs:1:12
  |
1 | ...::{c_int, c_char, ifreq, ioctl, IFF_TAP, IFF_NO_PI, IFF_UP, IFF_NOARP, sockaddr_in};
  |       ^^^^^  ^^^^^^         ^^^^^                                         ^^^^^^^^^^^

warning: unused import: `std::ffi::CStr`
 --> emane-core/src/tuntap.rs:2:5
  |
2 | use std::ffi::CStr;
  |     ^^^^^^^^^^^^^^

warning: unused import: `std::ptr`
 --> emane-core/src/tuntap.rs:4:5
  |
4 | use std::ptr;
  |     ^^^^^^^^

warning: unnecessary `unsafe` block
   --> emane-core/src/control_port.rs:296:29
    |
296 | ...                   unsafe {
    |                       ^^^^^^ unnecessary `unsafe` block
    |
    = note: `#[warn(unused_unsafe)]` (part of `#[warn(unused)]`) on by default

warning: variable does not need to be mutable
   --> emane-core/src/events.rs:552:17
    |
552 |             let mut loc = emane_message::location_event::Location {
    |                 ----^^^
    |                 |
    |                 help: remove this `mut`
    |
    = note: `#[warn(unused_mut)]` (part of `#[warn(unused)]`) on by default

warning: unnecessary `unsafe` block
   --> emane-core/src/config.rs:189:21
    |
189 | ...   regex_ptr = unsafe { emane_rs_regex_compile(s_regex, regex_err.as...
    |                   ^^^^^^ unnecessary `unsafe` block

warning: unnecessary `unsafe` block
   --> emane-core/src/config.rs:250:21
    |
250 | ...   regex_ptr = unsafe { emane_rs_regex_compile(s_regex, regex_err.as...
    |                   ^^^^^^ unnecessary `unsafe` block

warning: unnecessary `unsafe` block
   --> emane-core/src/config.rs:533:35
    |
533 | ...   let matched = unsafe { emane_rs_regex_match(info.regex_ptr.0, c_s...
    |                     ^^^^^^ unnecessary `unsafe` block

warning: value assigned to `p_size` is never read
   --> emane-core/src/ota_manager.rs:502:13
    |
502 |             p_size -= take;
    |             ^^^^^^^^^^^^^^
    |
    = help: maybe it is overwritten before being read?
    = note: `#[warn(unused_assignments)]` (part of `#[warn(unused)]`) on by default

warning: unnecessary `unsafe` block
   --> emane-core/src/nem_manager.rs:213:9
    |
213 |         unsafe {
    |         ^^^^^^ unnecessary `unsafe` block

warning: unnecessary `unsafe` block
   --> emane-core/src/nem_manager.rs:229:5
    |
229 |     unsafe {
    |     ^^^^^^ unnecessary `unsafe` block

warning: unused variable: `ptr`
  --> emane-core/src/mac_layer.rs:65:48
   |
65 | ...ane_rs_mac_layer_configure(ptr: *mut MacLayer, update: *mut c_void) {
   |                               ^^^ help: if this is intentional, prefix it with an underscore: `_ptr`
   |
   = note: `#[warn(unused_variables)]` (part of `#[warn(unused)]`) on by default

warning: unused variable: `update`
  --> emane-core/src/mac_layer.rs:65:68
   |
65 | ...gure(ptr: *mut MacLayer, update: *mut c_void) {
   |                             ^^^^^^ help: if this is intentional, prefix it with an underscore: `_update`

warning: unnecessary `unsafe` block
  --> emane-core/src/nem_impl.rs:45:9
   |
45 |         unsafe {
   |         ^^^^^^ unnecessary `unsafe` block

warning: unnecessary `unsafe` block
  --> emane-core/src/nem_impl.rs:67:9
   |
67 |         unsafe {
   |         ^^^^^^ unnecessary `unsafe` block

warning: variable does not need to be mutable
  --> emane-core/src/spectrum_window_utils.rs:94:21
   |
94 |                 let mut vals = d_previous.clone();
   |                     ----^^^^
   |                     |
   |                     help: remove this `mut`

warning: value assigned to `pending_end` is never read
   --> emane-core/src/noise_recorder.rs:278:39
    |
278 |                 let mut pending_end = 0;
    |                                       ^ this value is reassigned later and never used
...
314 |                     pending_end = sub_band_bin_end;
    |                     ------------------------------ `pending_end` is overwritten here before the previous value is read

warning: value assigned to `remote_gain_dbi` is never read
   --> emane-core/src/gain_manager.rs:155:31
    |
155 |     let mut remote_gain_dbi = 0.0;
    |                               ^^^ this value is reassigned later and never used
...
186 |                 remote_gain_dbi = tx_gain + tx_blockage;
    |                 --------------------------------------- `remote_gain_dbi` is overwritten here before the previous value is read

warning: value assigned to `local_gain_dbi` is never read
   --> emane-core/src/gain_manager.rs:156:30
    |
156 |     let mut local_gain_dbi = 0.0;
    |                              ^^^ this value is reassigned later and never used
...
223 |                 local_gain_dbi = rx_gain + rx_blockage;
    |                 -------------------------------------- `local_gain_dbi` is overwritten here before the previous value is read

warning: unused variable: `ptr`
  --> emane-core/src/fading_manager.rs:46:59
   |
46 | ...ngmanager_update_selection(ptr: *mut FadingManager, nem_id: u16, mode...
   |                               ^^^ help: if this is intentional, prefix it with an underscore: `_ptr`

warning: unused variable: `nem_id`
  --> emane-core/src/fading_manager.rs:46:84
   |
46 | ...ptr: *mut FadingManager, nem_id: u16, model: u32) {
   |                             ^^^^^^ help: if this is intentional, prefix it with an underscore: `_nem_id`

warning: unused variable: `model`
  --> emane-core/src/fading_manager.rs:46:97
   |
46 | ...ingManager, nem_id: u16, model: u32) {
   |                             ^^^^^ help: if this is intentional, prefix it with an underscore: `_model`

warning: unused variable: `ptr`
  --> emane-core/src/fading_manager.rs:67:55
   |
67 | ...fadingmanager_create_store(ptr: *mut FadingManager) -> *mut FadingAlg...
   |                               ^^^ help: if this is intentional, prefix it with an underscore: `_ptr`

warning: variable `total_len` is assigned to, but never used
   --> emane-core/src/boundary_message_manager.rs:207:9
    |
207 |     let mut total_len = 0;
    |         ^^^^^^^^^^^^^
    |
    = note: consider using `_total_len` instead

warning: value assigned to `total_len` is never read
   --> emane-core/src/boundary_message_manager.rs:214:9
    |
214 |         total_len += iov_slice[i].iov_len;
    |         ^^^^^^^^^^^^^^^^^^^^^^^^^^^^^^^^^
    |
    = help: maybe it is overwritten before being read?

warning: unused variable: `now`
   --> emane-core/src/spectrum_monitor.rs:291:9
    |
291 |         now: i64,
    |         ^^^ help: if this is intentional, prefix it with an underscore: `_now`

warning: unused variable: `tx_time`
   --> emane-core/src/spectrum_monitor.rs:292:9
    |
292 |         tx_time: i64,
    |         ^^^^^^^ help: if this is intentional, prefix it with an underscore: `_tx_time`

warning: unused variable: `propagation_delay`
   --> emane-core/src/spectrum_monitor.rs:293:9
    |
293 |         propagation_delay: i64,
    |         ^^^^^^^^^^^^^^^^^ help: if this is intentional, prefix it with an underscore: `_propagation_delay`

warning: unused variable: `d_doppler_factor`
   --> emane-core/src/spectrum_monitor.rs:294:9
    |
294 |         d_doppler_factor: f64,
    |         ^^^^^^^^^^^^^^^^ help: if this is intentional, prefix it with an underscore: `_d_doppler_factor`

warning: unused variable: `segments`
   --> emane-core/src/spectrum_monitor.rs:295:9
    |
295 |         segments: &[FfiFrequencySegment],
    |         ^^^^^^^^ help: if this is intentional, prefix it with an underscore: `_segments`

warning: unused variable: `u64_segment_bandwidth_hz`
   --> emane-core/src/spectrum_monitor.rs:296:9
    |
296 |         u64_segment_bandwidth_hz: u64,
    |         ^^^^^^^^^^^^^^^^^^^^^^^^ help: if this is intentional, prefix it with an underscore: `_u64_segment_bandwidth_hz`

warning: unused variable: `rx_powers_milli_watt`
   --> emane-core/src/spectrum_monitor.rs:297:9
    |
297 |         rx_powers_milli_watt: &[f64],
    |         ^^^^^^^^^^^^^^^^^^^^ help: if this is intentional, prefix it with an underscore: `_rx_powers_milli_watt`

warning: unused variable: `b_in_band`
   --> emane-core/src/spectrum_monitor.rs:298:9
    |
298 |         b_in_band: bool,
    |         ^^^^^^^^^ help: if this is intentional, prefix it with an underscore: `_b_in_band`

warning: unused variable: `transmitters`
   --> emane-core/src/spectrum_monitor.rs:299:9
    |
299 |         transmitters: &[u16],
    |         ^^^^^^^^^^^^ help: if this is intentional, prefix it with an underscore: `_transmitters`

warning: unused variable: `u16_sub_id`
   --> emane-core/src/spectrum_monitor.rs:300:9
    |
300 |         u16_sub_id: u16,
    |         ^^^^^^^^^^ help: if this is intentional, prefix it with an underscore: `_u16_sub_id`

warning: unused variable: `tx_antenna_index`
   --> emane-core/src/spectrum_monitor.rs:301:9
    |
301 |         tx_antenna_index: u16,
    |         ^^^^^^^^^^^^^^^^ help: if this is intentional, prefix it with an underscore: `_tx_antenna_index`

warning: unused variable: `spectral_mask_index`
   --> emane-core/src/spectrum_monitor.rs:302:9
    |
302 |         spectral_mask_index: u16,
    |         ^^^^^^^^^^^^^^^^^^^ help: if this is intentional, prefix it with an underscore: `_spectral_mask_index`

warning: unused variable: `filter_data_ptr`
   --> emane-core/src/spectrum_monitor.rs:303:9
    |
303 |         filter_data_ptr: *const u8,
    |         ^^^^^^^^^^^^^^^ help: if this is intentional, prefix it with an underscore: `_filter_data_ptr`

warning: unused variable: `filter_data_len`
   --> emane-core/src/spectrum_monitor.rs:304:9
    |
304 |         filter_data_len: usize,
    |         ^^^^^^^^^^^^^^^ help: if this is intentional, prefix it with an underscore: `_filter_data_len`

warning: unnecessary `unsafe` block
   --> emane-core/src/receive_processor.rs:178:35
    |
178 | ...   let gain_result = unsafe { emane_rs_gain_manager_determine_gain(r...
    |                         ^^^^^^ unnecessary `unsafe` block

warning: unused variable: `optional_filter_data`
   --> emane-core/src/receive_processor.rs:329:5
    |
329 |     optional_filter_data: *const c_void,
    |     ^^^^^^^^^^^^^^^^^^^^ help: if this is intentional, prefix it with an underscore: `_optional_filter_data`

warning: unused variable: `result_ptr`
   --> emane-core/src/receive_processor.rs:330:5
    |
330 |     result_ptr: *mut c_void
    |     ^^^^^^^^^^ help: if this is intentional, prefix it with an underscore: `_result_ptr`

warning: unused variable: `id`
   --> emane-core/src/factory_manager.rs:339:5
    |
339 |     id: u16,
    |     ^^ help: if this is intentional, prefix it with an underscore: `_id`

warning: unnecessary `unsafe` block
  --> emane-core/src/tuntap.rs:35:9
   |
35 |         unsafe {
   |         ^^^^^^ unnecessary `unsafe` block

warning: unnecessary `unsafe` block
  --> emane-core/src/tuntap.rs:99:9
   |
99 |         unsafe {
   |         ^^^^^^ unnecessary `unsafe` block

warning: unnecessary `unsafe` block
  --> emane-core/src/virtual_transport.rs:78:25
   |
78 |                         unsafe {
   |                         ^^^^^^ unnecessary `unsafe` block

warning: unnecessary `unsafe` block
  --> emane-core/src/raw_transport.rs:99:21
   |
99 |                     unsafe {
   |                     ^^^^^^ unnecessary `unsafe` block

warning: variable does not need to be mutable
   --> emane-core/src/eel_generator.rs:190:9
    |
190 |     let mut has_events = false;
    |         ----^^^^^^^^^^
    |         |
    |         help: remove this `mut`

warning: unused variable: `has_events`
   --> emane-core/src/eel_generator.rs:190:9
    |
190 |     let mut has_events = false;
    |         ^^^^^^^^^^^^^^ help: if this is intentional, prefix it with an underscore: `_has_events`

warning: unused variable: `i`
   --> emane-core/src/eel_generator.rs:191:9
    |
191 |     for i in 0..num_plugins {
    |         ^ help: if this is intentional, prefix it with an underscore: `_i`

warning: field `name` is never read
  --> emane-core/src/statistics.rs:85:5
   |
84 | pub struct StatisticInfo {
   |            ------------- field in this struct
85 |     name: String,
   |     ^^^^
   |
   = note: `#[warn(dead_code)]` (part of `#[warn(unused)]`) on by default

warning: field `name` is never read
  --> emane-core/src/statistics.rs:93:5
   |
92 | pub struct StatisticTableInfo {
   |            ------------------ field in this struct
93 |     name: String,
   |     ^^^^

warning: function `is_clearable` is never used
   --> emane-core/src/statistics.rs:124:4
    |
124 | fn is_clearable(properties: u64) -> bool {
    |    ^^^^^^^^^^^^

warning: function `emane_c_log_debug` is never used
  --> emane-core/src/event_service.rs:11:8
   |
11 |     fn emane_c_log_debug(msg: *const c_char);
   |        ^^^^^^^^^^^^^^^^^

warning: field `nem_id` is never read
  --> emane-core/src/neighbor_metric_manager.rs:21:5
   |
20 | struct NeighborData {
   |        ------------ field in this struct
21 |     nem_id: u16,
   |     ^^^^^^
   |
   = note: `NeighborData` has a derived impl for the trait `Clone`, but this is intentionally ignored during dead code analysis

warning: fields `nem_id` and `last_neighbor_status_update_time` are never read
  --> emane-core/src/neighbor_metric_manager.rs:71:5
   |
70 | pub struct NeighborMetricManager {
   |            --------------------- fields in this struct
71 |     nem_id: u16,
   |     ^^^^^^
...
75 |     last_neighbor_status_update_time: Duration,
   |     ^^^^^^^^^^^^^^^^^^^^^^^^^^^^^^^^

warning: field `nem_id` is never read
  --> emane-core/src/queue_metric_manager.rs:38:5
   |
37 | pub struct QueueMetricManager {
   |            ------------------ field in this struct
38 |     nem_id: u16,
   |     ^^^^^^

warning: field `nem_id` is never read
  --> emane-core/src/rf_signal_table.rs:38:5
   |
37 | pub struct RFSignalTable {
   |            ------------- field in this struct
38 |     nem_id: u16,
   |     ^^^^^^

warning: field `id` is never read
 --> emane-core/src/tdma_mac.rs:6:5
  |
5 | pub struct TdmaMac {
  |            ------- field in this struct
6 |     id: u16,
  |     ^^

warning: function `emane_c_mac_plugin_configure` is never used
  --> emane-core/src/mac_layer.rs:18:8
   |
18 |     fn emane_c_mac_plugin_configure(plugin: *mut c_void, update: *mut c_...
   |        ^^^^^^^^^^^^^^^^^^^^^^^^^^^^

warning: field `id` is never read
  --> emane-core/src/nem_impl.rs:12:5
   |
11 | pub struct NemImpl {
   |            ------- field in this struct
12 |     id: u16,
   |     ^^

warning: field `nem_id` is never read
  --> emane-core/src/location_manager.rs:10:5
   |
 9 | pub struct LocationManagerImpl {
   |            ------------------- field in this struct
10 |     nem_id: u16,
   |     ^^^^^^

warning: field `nem_id` is never read
  --> emane-core/src/fading_manager.rs:13:5
   |
12 | pub struct FadingManager {
   |            ------------- field in this struct
13 |     nem_id: u16,
   |     ^^^^^^

warning: field `id` is never read
  --> emane-core/src/boundary_message_manager.rs:14:5
   |
13 | pub struct BoundaryMessageManagerState {
   |            --------------------------- field in this struct
14 |     id: u16,
   |     ^^

warning: fields `transmitter_spectral_mask_cache` and `filter_transmitter_spectral_mask_cache` are never read
   --> emane-core/src/spectrum_monitor.rs:97:5
    |
 87 | pub struct SpectrumMonitor {
    |            --------------- fields in this struct
...
 97 |     transmitter_spectral_mask_cache: HashMap<u64, (HashMap<u64, Vec<Noi...
    |     ^^^^^^^^^^^^^^^^^^^^^^^^^^^^^^^
...
109 |     filter_transmitter_spectral_mask_cache: HashMap<u64, (HashMap<u64, ...
    |     ^^^^^^^^^^^^^^^^^^^^^^^^^^^^^^^^^^^^^^

warning: function `doppler_shift` is never used
   --> emane-core/src/spectrum_monitor.rs:112:4
    |
112 | fn doppler_shift(freq: u64, doppler_factor: f64) -> i64 {
    |    ^^^^^^^^^^^^^

warning: function `emane_rs_filter_match` is never used
  --> emane-core/src/spectrum_monitor.rs:56:8
   |
56 |     fn emane_rs_filter_match(
   |        ^^^^^^^^^^^^^^^^^^^^^

warning: function `emane_c_location_infos_size` is never used
  --> emane-core/src/receive_processor.rs:40:8
   |
40 |     fn emane_c_location_infos_size(vec_ptr: *const c_void) -> usize;
   |        ^^^^^^^^^^^^^^^^^^^^^^^^^^^

warning: function `emane_c_fading_infos_size` is never used
  --> emane-core/src/receive_processor.rs:43:8
   |
43 |     fn emane_c_fading_infos_size(vec_ptr: *const c_void) -> usize;
   |        ^^^^^^^^^^^^^^^^^^^^^^^^^

warning: field `nem_id` is never read
 --> emane-core/src/gpsd_location_agent.rs:8:5
  |
7 | pub struct GpsdLocationAgent {
  |            ----------------- field in this struct
8 |     nem_id: u16,
  |     ^^^^^^

warning: constant `SIOCSIFADDR` is never used
 --> emane-core/src/tuntap.rs:9:7
  |
9 | const SIOCSIFADDR: u64 = 0x8916;
  |       ^^^^^^^^^^^

warning: constant `SIOCSIFNETMASK` is never used
  --> emane-core/src/tuntap.rs:10:7
   |
10 | const SIOCSIFNETMASK: u64 = 0x891c;
   |       ^^^^^^^^^^^^^^

warning: field `id` is never read
  --> emane-core/src/raw_transport.rs:10:5
   |
 9 | pub struct RawTransport {
   |            ------------ field in this struct
10 |     id: u16,
   |     ^^

warning: `extern` block uses type `[u64; 4]`, which is not FFI-safe
   --> /home/joe/src/sleepybishop/emane/rust/target/debug/build/emane-core-c557cceca8880c7f/out/bindings.rs:567:80
    |
567 | ..., bWithPort: bool) -> std_string;
    |                          ^^^^^^^^^^ not FFI-safe
    |
    = help: consider passing a pointer to the array
    = note: passing raw arrays by value is not FFI-safe
    = note: `#[warn(improper_ctypes)]` on by default

warning: `extern` block uses type `[u64; 4]`, which is not FFI-safe
   --> /home/joe/src/sleepybishop/emane/rust/target/debug/build/emane-core-c557cceca8880c7f/out/bindings.rs:886:58
    |
886 |     pub fn EMANE_Any_asString(this: *const EMANE_Any) -> std_string;
    |                                                          ^^^^^^^^^^ not FFI-safe
    |
    = help: consider passing a pointer to the array
    = note: passing raw arrays by value is not FFI-safe

warning: `extern` block uses type `[u64; 4]`, which is not FFI-safe
   --> /home/joe/src/sleepybishop/emane/rust/target/debug/build/emane-core-c557cceca8880c7f/out/bindings.rs:896:58
    |
896 |     pub fn EMANE_Any_toString(this: *const EMANE_Any) -> std_string;
    |                                                          ^^^^^^^^^^ not FFI-safe
    |
    = help: consider passing a pointer to the array
    = note: passing raw arrays by value is not FFI-safe

warning: `extern` block uses type `[u64; 4]`, which is not FFI-safe
   --> /home/joe/src/sleepybishop/emane/rust/target/debug/build/emane-core-c557cceca8880c7f/out/bindings.rs:901:37
    |
901 |     pub fn EMANE_Any_create(sValue: std_string, type_: EMANE_Any_Type) ...
    |                                     ^^^^^^^^^^ not FFI-safe
    |
    = help: consider passing a pointer to the array
    = note: passing raw arrays by value is not FFI-safe

warning: `extern` block uses type `[u64; 4]`, which is not FFI-safe
    --> /home/joe/src/sleepybishop/emane/rust/target/debug/build/emane-core-c557cceca8880c7f/out/bindings.rs:1195:67
     |
1195 | ...st EMANE_Any_Type) -> std_string;
     |                          ^^^^^^^^^^ not FFI-safe
     |
     = help: consider passing a pointer to the array
     = note: passing raw arrays by value is not FFI-safe

warning: `extern` block uses type `[u64; 3]`, which is not FFI-safe
    --> /home/joe/src/sleepybishop/emane/rust/target/debug/build/emane-core-c557cceca8880c7f/out/bindings.rs:2990:80
     |
2990 | ...CommonPHYHeader) -> EMANE_Strings;
     |                        ^^^^^^^^^^^^^ not FFI-safe
     |
     = help: consider passing a pointer to the array
     = note: passing raw arrays by value is not FFI-safe

warning: unused return value of `Box::<T>::from_raw` that must be used
   --> emane-core/src/neighbor_metric_manager.rs:320:18
    |
320 |         unsafe { Box::from_raw(ptr); }
    |                  ^^^^^^^^^^^^^^^^^^
    |
    = note: call `drop(Box::from_raw(ptr))` if you intend to drop the `Box`
    = note: `#[warn(unused_must_use)]` (part of `#[warn(unused)]`) on by default
help: use `let _ = ...` to ignore the resulting value
    |
320 |         unsafe { let _ = Box::from_raw(ptr); }
    |                  +++++++

warning: unused return value of `Box::<T>::from_raw` that must be used
   --> emane-core/src/queue_metric_manager.rs:123:18
    |
123 |         unsafe { Box::from_raw(ptr); }
    |                  ^^^^^^^^^^^^^^^^^^
    |
    = note: call `drop(Box::from_raw(ptr))` if you intend to drop the `Box`
help: use `let _ = ...` to ignore the resulting value
    |
123 |         unsafe { let _ = Box::from_raw(ptr); }
    |                  +++++++

warning: creating a shared reference to mutable static
   --> emane-core/src/spectral_mask.rs:257:12
    |
257 |         if MANAGER.is_none() {
    |            ^^^^^^^^^^^^^^^^^ shared reference to mutable static
    |
    = note: shared references to mutable statics are dangerous; it's undefined behavior if the static is mutated or if a mutable reference is created for it while the shared reference lives
    = note: for more information, see <https://doc.rust-lang.org/edition-guide/rust-2024/static-mut-references.html>
    = note: `#[warn(static_mut_refs)]` (part of `#[warn(rust_2024_compatibility)]`) on by default

warning: creating a mutable reference to mutable static
   --> emane-core/src/spectral_mask.rs:260:9
    |
260 |         MANAGER.as_mut().unwrap()
    |         ^^^^^^^^^^^^^^^^ mutable reference to mutable static
    |
    = note: mutable references to mutable statics are dangerous; it's undefined behavior if any other pointer to the static is used or if any other reference is created for the static while the mutable reference lives
    = note: for more information, see <https://doc.rust-lang.org/edition-guide/rust-2024/static-mut-references.html>

warning: creating a shared reference to mutable static
   --> emane-core/src/antenna.rs:191:12
    |
191 |         if MANAGER.is_none() {
    |            ^^^^^^^^^^^^^^^^^ shared reference to mutable static
    |
    = note: shared references to mutable statics are dangerous; it's undefined behavior if the static is mutated or if a mutable reference is created for it while the shared reference lives
    = note: for more information, see <https://doc.rust-lang.org/edition-guide/rust-2024/static-mut-references.html>

warning: creating a mutable reference to mutable static
   --> emane-core/src/antenna.rs:194:9
    |
194 |         MANAGER.as_mut().unwrap()
    |         ^^^^^^^^^^^^^^^^ mutable reference to mutable static
    |
    = note: mutable references to mutable statics are dangerous; it's undefined behavior if any other pointer to the static is used or if any other reference is created for the static while the mutable reference lives
    = note: for more information, see <https://doc.rust-lang.org/edition-guide/rust-2024/static-mut-references.html>

warning: `emane-core` (lib) generated 112 warnings (run `cargo fix --lib -p emane-core` to apply 58 suggestions)
warning: unused import: `ParamValues`
 --> emane-core/src/bin/emane.rs:1:56
  |
1 | use emane_core::xml_parser::{parse_platform, ParamMap, ParamValues};
  |                                                        ^^^^^^^^^^^
  |
  = note: `#[warn(unused_imports)]` (part of `#[warn(unused)]`) on by default

warning: variable `daemonize` is assigned to, but never used
  --> emane-core/src/bin/emane.rs:89:9
   |
89 |     let mut daemonize = false;
   |         ^^^^^^^^^^^^^
   |
   = note: consider using `_daemonize` instead
   = note: `#[warn(unused_variables)]` (part of `#[warn(unused)]`) on by default

warning: variable `log_file` is assigned to, but never used
  --> emane-core/src/bin/emane.rs:90:9
   |
90 |     let mut log_file = None;
   |         ^^^^^^^^^^^^
   |
   = note: consider using `_log_file` instead

warning: variable `log_level` is assigned to, but never used
  --> emane-core/src/bin/emane.rs:91:9
   |
91 |     let mut log_level = 2;
   |         ^^^^^^^^^^^^^
   |
   = note: consider using `_log_level` instead

warning: variable `pid_file` is assigned to, but never used
  --> emane-core/src/bin/emane.rs:92:9
   |
92 |     let mut pid_file = None;
   |         ^^^^^^^^^^^^
   |
   = note: consider using `_pid_file` instead

warning: variable `priority` is assigned to, but never used
  --> emane-core/src/bin/emane.rs:93:9
   |
93 |     let mut priority = 50;
   |         ^^^^^^^^^^^^
   |
   = note: consider using `_priority` instead

warning: variable `realtime` is assigned to, but never used
  --> emane-core/src/bin/emane.rs:94:9
   |
94 |     let mut realtime = false;
   |         ^^^^^^^^^^^^
   |
   = note: consider using `_realtime` instead

warning: variable `syslog` is assigned to, but never used
  --> emane-core/src/bin/emane.rs:95:9
   |
95 |     let mut syslog = false;
   |         ^^^^^^^^^^
   |
   = note: consider using `_syslog` instead

warning: variable `uuid_file` is assigned to, but never used
  --> emane-core/src/bin/emane.rs:96:9
   |
96 |     let mut uuid_file = None;
   |         ^^^^^^^^^^^^^
   |
   = note: consider using `_uuid_file` instead

warning: value assigned to `daemonize` is never read
   --> emane-core/src/bin/emane.rs:101:37
    |
101 |             "-d" | "--daemonize" => daemonize = true,
    |                                     ^^^^^^^^^^^^^^^^
    |
    = help: maybe it is overwritten before being read?
    = note: `#[warn(unused_assignments)]` (part of `#[warn(unused)]`) on by default

warning: value assigned to `log_file` is never read
   --> emane-core/src/bin/emane.rs:114:37
    |
114 |                 if i < args.len() { log_file = Some(args[i].clone()); }
    |                                     ^^^^^^^^
    |
    = help: maybe it is overwritten before being read?

warning: value assigned to `log_level` is never read
   --> emane-core/src/bin/emane.rs:118:37
    |
118 | ...   if i < args.len() { log_level = args[i].parse().unwrap_or(2); }
    |                           ^^^^^^^^^^^^^^^^^^^^^^^^^^^^^^^^^^^^^^^^
    |
    = help: maybe it is overwritten before being read?

warning: value assigned to `pid_file` is never read
   --> emane-core/src/bin/emane.rs:122:37
    |
122 |                 if i < args.len() { pid_file = Some(args[i].clone()); }
    |                                     ^^^^^^^^
    |
    = help: maybe it is overwritten before being read?

warning: value assigned to `priority` is never read
   --> emane-core/src/bin/emane.rs:126:37
    |
126 | ...   if i < args.len() { priority = args[i].parse().unwrap_or(50); }
    |                           ^^^^^^^^^^^^^^^^^^^^^^^^^^^^^^^^^^^^^^^^
    |
    = help: maybe it is overwritten before being read?

warning: value assigned to `realtime` is never read
   --> emane-core/src/bin/emane.rs:102:36
    |
102 |             "-r" | "--realtime" => realtime = true,
    |                                    ^^^^^^^^^^^^^^^
    |
    = help: maybe it is overwritten before being read?

warning: value assigned to `syslog` is never read
   --> emane-core/src/bin/emane.rs:103:27
    |
103 |             "--syslog" => syslog = true,
    |                           ^^^^^^^^^^^^^
    |
    = help: maybe it is overwritten before being read?

warning: value assigned to `uuid_file` is never read
   --> emane-core/src/bin/emane.rs:130:37
    |
130 |                 if i < args.len() { uuid_file = Some(args[i].clone()); }
    |                                     ^^^^^^^^^
    |
    = help: maybe it is overwritten before being read?

warning: field `config` is never read
  --> emane-core/src/bin/emanetransportd.rs:38:5
   |
37 | pub struct TransportDirector {
   |            ----------------- field in this struct
38 |     config: TransportConfig,
   |     ^^^^^^
   |
   = note: `#[warn(dead_code)]` (part of `#[warn(unused)]`) on by default

warning: variable does not need to be mutable
   --> emane-core/src/bin/emaneeventservice.rs:149:13
    |
149 |         let mut t = unsafe { libc::time(std::ptr::null_mut()) };
    |             ----^
    |             |
    |             help: remove this `mut`
    |
    = note: `#[warn(unused_mut)]` (part of `#[warn(unused)]`) on by default

warning: field `config` is never read
  --> emane-core/src/bin/emaneeventservice.rs:37:5
   |
36 | pub struct EventDirector {
   |            ------------- field in this struct
37 |     config: EventServiceConfig,
   |     ^^^^^^
   |
   = note: `#[warn(dead_code)]` (part of `#[warn(unused)]`) on by default

warning: `emane-core` (bin "emane") generated 17 warnings (run `cargo fix --bin "emane" -p emane-core` to apply 1 suggestion)
warning: `emane-core` (bin "emanetransportd") generated 1 warning
warning: `emane-core` (bin "emaneeventservice") generated 2 warnings (run `cargo fix --bin "emaneeventservice" -p emane-core` to apply 1 suggestion)
    Finished `dev` profile [unoptimized + debuginfo] target(s) in 0.04s
cp ../../../rust/target/debug/emaneeventservice ./emaneeventservice
make[3]: Leaving directory '/home/joe/src/sleepybishop/emane/src/applications/emaneeventservice'
Making all in emanetransportd
make[3]: Entering directory '/home/joe/src/sleepybishop/emane/src/applications/emanetransportd'
cd ../../../rust/emane-core && cargo build
warning: unused import: `std::os::raw::c_char`
 --> emane-core/src/control_port.rs:6:5
  |
6 | use std::os::raw::c_char;
  |     ^^^^^^^^^^^^^^^^^^^^
  |
  = note: `#[warn(unused_imports)]` (part of `#[warn(unused)]`) on by default

warning: unused import: `std::os::raw::c_void`
 --> emane-core/src/events.rs:3:5
  |
3 | use std::os::raw::c_void;
  |     ^^^^^^^^^^^^^^^^^^^^

warning: unused import: `CString`
 --> emane-core/src/config.rs:4:22
  |
4 | use std::ffi::{CStr, CString};
  |                      ^^^^^^^

warning: unused import: `emane_rs_regex_free`
 --> emane-core/src/config.rs:5:44
  |
5 | use crate::regex::{emane_rs_regex_compile, emane_rs_regex_free, emane_rs_...
  |                                            ^^^^^^^^^^^^^^^^^^^

warning: unused import: `HashSet`
 --> emane-core/src/buildid.rs:1:33
  |
1 | use std::collections::{HashMap, HashSet};
  |                                 ^^^^^^^

warning: unused import: `HashSet`
 --> emane-core/src/event_service.rs:1:33
  |
1 | use std::collections::{HashMap, HashSet};
  |                                 ^^^^^^^

warning: unused import: `c_int`
 --> emane-core/src/ota_manager.rs:4:36
  |
4 | use std::os::raw::{c_void, c_char, c_int};
  |                                    ^^^^^

warning: unused import: `c_ushort`
  --> emane-core/src/ota_manager.rs:11:61
   |
11 | use libc::{c_uint, setsockopt, SOL_SOCKET, SO_BINDTODEVICE, c_ushort};
   |                                                             ^^^^^^^^

warning: unused import: `std::time::Duration`
 --> emane-core/src/tdma_mac.rs:1:5
  |
1 | use std::time::Duration;
  |     ^^^^^^^^^^^^^^^^^^^

warning: unused import: `crate::nem_layer_stack::NemLayerStack`
 --> emane-core/src/nem_impl.rs:2:5
  |
2 | use crate::nem_layer_stack::NemLayerStack;
  |     ^^^^^^^^^^^^^^^^^^^^^^^^^^^^^^^^^^^^^

warning: unused import: `c_void`
 --> emane-core/src/spectral_mask.rs:4:28
  |
4 | use std::os::raw::{c_char, c_void};
  |                            ^^^^^^

warning: unused import: `c_void`
 --> emane-core/src/antenna.rs:4:28
  |
4 | use std::os::raw::{c_char, c_void};
  |                            ^^^^^^

warning: unused import: `std::ffi::c_void`
 --> emane-core/src/noise_recorder.rs:4:5
  |
4 | use std::ffi::c_void;
  |     ^^^^^^^^^^^^^^^^

warning: unused import: `std::collections::HashMap`
 --> emane-core/src/fading_manager.rs:1:5
  |
1 | use std::collections::HashMap;
  |     ^^^^^^^^^^^^^^^^^^^^^^^^^

warning: unused import: `BTreeMap`
 --> emane-core/src/spectrum_monitor.rs:2:42
  |
2 | use std::collections::{HashMap, HashSet, BTreeMap};
  |                                          ^^^^^^^^

warning: unused imports: `frequency_overlap_ratio` and `get_manager`
 --> emane-core/src/spectrum_monitor.rs:5:28
  |
5 | use crate::spectral_mask::{get_manager, frequency_overlap_ratio};
  |                            ^^^^^^^^^^^  ^^^^^^^^^^^^^^^^^^^^^^^

warning: unused import: `c_int`
 --> emane-core/src/receive_processor.rs:2:28
  |
2 | use std::os::raw::{c_void, c_int};
  |                            ^^^^^

warning: unused import: `EmaneGainResult`
 --> emane-core/src/receive_processor.rs:4:65
  |
4 | ...in_manager_determine_gain, EmaneGainResult};
  |                               ^^^^^^^^^^^^^^^

warning: unused import: `c_char`
 --> emane-core/src/common_layer_statistics.rs:3:28
  |
3 | use std::os::raw::{c_void, c_char};
  |                            ^^^^^^

warning: unused import: `std::collections::HashMap`
 --> emane-core/src/common_layer_statistics.rs:4:5
  |
4 | use std::collections::HashMap;
  |     ^^^^^^^^^^^^^^^^^^^^^^^^^

warning: unused import: `std::ffi::CStr`
 --> emane-core/src/nem_stateful_layer.rs:3:5
  |
3 | use std::ffi::CStr;
  |     ^^^^^^^^^^^^^^

warning: unused import: `PathBuf`
 --> emane-core/src/xml_parser.rs:3:23
  |
3 | use std::path::{Path, PathBuf};
  |                       ^^^^^^^

warning: unused import: `c_int`
 --> emane-core/src/gpsd_location_agent.rs:1:36
  |
1 | use std::os::raw::{c_char, c_void, c_int, c_double};
  |                                    ^^^^^

warning: unused import: `CString`
 --> emane-core/src/gpsd_location_agent.rs:2:16
  |
2 | use std::ffi::{CString, CStr};
  |                ^^^^^^^

warning: unused import: `std::ptr`
 --> emane-core/src/gpsd_location_agent.rs:3:5
  |
3 | use std::ptr;
  |     ^^^^^^^^

warning: unused import: `std::fs`
 --> emane-core/src/gpsd_location_agent.rs:4:5
  |
4 | use std::fs;
  |     ^^^^^^^

warning: unused imports: `open`, `read`, and `unlink`
 --> emane-core/src/gpsd_location_agent.rs:5:12
  |
5 | ...::{open, grantpt, unlockpt, posix_openpt, ptsname_r, O_RDWR, O_NOCTTY, read, write, time, gmtime_r, time_t, tm, unlink};
  |       ^^^^                                                                ^^^^                                     ^^^^^^

warning: unused imports: `c_char`, `c_int`, `ioctl`, and `sockaddr_in`
 --> emane-core/src/tuntap.rs:1:12
  |
1 | ...::{c_int, c_char, ifreq, ioctl, IFF_TAP, IFF_NO_PI, IFF_UP, IFF_NOARP, sockaddr_in};
  |       ^^^^^  ^^^^^^         ^^^^^                                         ^^^^^^^^^^^

warning: unused import: `std::ffi::CStr`
 --> emane-core/src/tuntap.rs:2:5
  |
2 | use std::ffi::CStr;
  |     ^^^^^^^^^^^^^^

warning: unused import: `std::ptr`
 --> emane-core/src/tuntap.rs:4:5
  |
4 | use std::ptr;
  |     ^^^^^^^^

warning: unnecessary `unsafe` block
   --> emane-core/src/control_port.rs:296:29
    |
296 | ...                   unsafe {
    |                       ^^^^^^ unnecessary `unsafe` block
    |
    = note: `#[warn(unused_unsafe)]` (part of `#[warn(unused)]`) on by default

warning: variable does not need to be mutable
   --> emane-core/src/events.rs:552:17
    |
552 |             let mut loc = emane_message::location_event::Location {
    |                 ----^^^
    |                 |
    |                 help: remove this `mut`
    |
    = note: `#[warn(unused_mut)]` (part of `#[warn(unused)]`) on by default

warning: unnecessary `unsafe` block
   --> emane-core/src/config.rs:189:21
    |
189 | ...   regex_ptr = unsafe { emane_rs_regex_compile(s_regex, regex_err.as...
    |                   ^^^^^^ unnecessary `unsafe` block

warning: unnecessary `unsafe` block
   --> emane-core/src/config.rs:250:21
    |
250 | ...   regex_ptr = unsafe { emane_rs_regex_compile(s_regex, regex_err.as...
    |                   ^^^^^^ unnecessary `unsafe` block

warning: unnecessary `unsafe` block
   --> emane-core/src/config.rs:533:35
    |
533 | ...   let matched = unsafe { emane_rs_regex_match(info.regex_ptr.0, c_s...
    |                     ^^^^^^ unnecessary `unsafe` block

warning: value assigned to `p_size` is never read
   --> emane-core/src/ota_manager.rs:502:13
    |
502 |             p_size -= take;
    |             ^^^^^^^^^^^^^^
    |
    = help: maybe it is overwritten before being read?
    = note: `#[warn(unused_assignments)]` (part of `#[warn(unused)]`) on by default

warning: unnecessary `unsafe` block
   --> emane-core/src/nem_manager.rs:213:9
    |
213 |         unsafe {
    |         ^^^^^^ unnecessary `unsafe` block

warning: unnecessary `unsafe` block
   --> emane-core/src/nem_manager.rs:229:5
    |
229 |     unsafe {
    |     ^^^^^^ unnecessary `unsafe` block

warning: unused variable: `ptr`
  --> emane-core/src/mac_layer.rs:65:48
   |
65 | ...ane_rs_mac_layer_configure(ptr: *mut MacLayer, update: *mut c_void) {
   |                               ^^^ help: if this is intentional, prefix it with an underscore: `_ptr`
   |
   = note: `#[warn(unused_variables)]` (part of `#[warn(unused)]`) on by default

warning: unused variable: `update`
  --> emane-core/src/mac_layer.rs:65:68
   |
65 | ...gure(ptr: *mut MacLayer, update: *mut c_void) {
   |                             ^^^^^^ help: if this is intentional, prefix it with an underscore: `_update`

warning: unnecessary `unsafe` block
  --> emane-core/src/nem_impl.rs:45:9
   |
45 |         unsafe {
   |         ^^^^^^ unnecessary `unsafe` block

warning: unnecessary `unsafe` block
  --> emane-core/src/nem_impl.rs:67:9
   |
67 |         unsafe {
   |         ^^^^^^ unnecessary `unsafe` block

warning: variable does not need to be mutable
  --> emane-core/src/spectrum_window_utils.rs:94:21
   |
94 |                 let mut vals = d_previous.clone();
   |                     ----^^^^
   |                     |
   |                     help: remove this `mut`

warning: value assigned to `pending_end` is never read
   --> emane-core/src/noise_recorder.rs:278:39
    |
278 |                 let mut pending_end = 0;
    |                                       ^ this value is reassigned later and never used
...
314 |                     pending_end = sub_band_bin_end;
    |                     ------------------------------ `pending_end` is overwritten here before the previous value is read

warning: value assigned to `remote_gain_dbi` is never read
   --> emane-core/src/gain_manager.rs:155:31
    |
155 |     let mut remote_gain_dbi = 0.0;
    |                               ^^^ this value is reassigned later and never used
...
186 |                 remote_gain_dbi = tx_gain + tx_blockage;
    |                 --------------------------------------- `remote_gain_dbi` is overwritten here before the previous value is read

warning: value assigned to `local_gain_dbi` is never read
   --> emane-core/src/gain_manager.rs:156:30
    |
156 |     let mut local_gain_dbi = 0.0;
    |                              ^^^ this value is reassigned later and never used
...
223 |                 local_gain_dbi = rx_gain + rx_blockage;
    |                 -------------------------------------- `local_gain_dbi` is overwritten here before the previous value is read

warning: unused variable: `ptr`
  --> emane-core/src/fading_manager.rs:46:59
   |
46 | ...ngmanager_update_selection(ptr: *mut FadingManager, nem_id: u16, mode...
   |                               ^^^ help: if this is intentional, prefix it with an underscore: `_ptr`

warning: unused variable: `nem_id`
  --> emane-core/src/fading_manager.rs:46:84
   |
46 | ...ptr: *mut FadingManager, nem_id: u16, model: u32) {
   |                             ^^^^^^ help: if this is intentional, prefix it with an underscore: `_nem_id`

warning: unused variable: `model`
  --> emane-core/src/fading_manager.rs:46:97
   |
46 | ...ingManager, nem_id: u16, model: u32) {
   |                             ^^^^^ help: if this is intentional, prefix it with an underscore: `_model`

warning: unused variable: `ptr`
  --> emane-core/src/fading_manager.rs:67:55
   |
67 | ...fadingmanager_create_store(ptr: *mut FadingManager) -> *mut FadingAlg...
   |                               ^^^ help: if this is intentional, prefix it with an underscore: `_ptr`

warning: variable `total_len` is assigned to, but never used
   --> emane-core/src/boundary_message_manager.rs:207:9
    |
207 |     let mut total_len = 0;
    |         ^^^^^^^^^^^^^
    |
    = note: consider using `_total_len` instead

warning: value assigned to `total_len` is never read
   --> emane-core/src/boundary_message_manager.rs:214:9
    |
214 |         total_len += iov_slice[i].iov_len;
    |         ^^^^^^^^^^^^^^^^^^^^^^^^^^^^^^^^^
    |
    = help: maybe it is overwritten before being read?

warning: unused variable: `now`
   --> emane-core/src/spectrum_monitor.rs:291:9
    |
291 |         now: i64,
    |         ^^^ help: if this is intentional, prefix it with an underscore: `_now`

warning: unused variable: `tx_time`
   --> emane-core/src/spectrum_monitor.rs:292:9
    |
292 |         tx_time: i64,
    |         ^^^^^^^ help: if this is intentional, prefix it with an underscore: `_tx_time`

warning: unused variable: `propagation_delay`
   --> emane-core/src/spectrum_monitor.rs:293:9
    |
293 |         propagation_delay: i64,
    |         ^^^^^^^^^^^^^^^^^ help: if this is intentional, prefix it with an underscore: `_propagation_delay`

warning: unused variable: `d_doppler_factor`
   --> emane-core/src/spectrum_monitor.rs:294:9
    |
294 |         d_doppler_factor: f64,
    |         ^^^^^^^^^^^^^^^^ help: if this is intentional, prefix it with an underscore: `_d_doppler_factor`

warning: unused variable: `segments`
   --> emane-core/src/spectrum_monitor.rs:295:9
    |
295 |         segments: &[FfiFrequencySegment],
    |         ^^^^^^^^ help: if this is intentional, prefix it with an underscore: `_segments`

warning: unused variable: `u64_segment_bandwidth_hz`
   --> emane-core/src/spectrum_monitor.rs:296:9
    |
296 |         u64_segment_bandwidth_hz: u64,
    |         ^^^^^^^^^^^^^^^^^^^^^^^^ help: if this is intentional, prefix it with an underscore: `_u64_segment_bandwidth_hz`

warning: unused variable: `rx_powers_milli_watt`
   --> emane-core/src/spectrum_monitor.rs:297:9
    |
297 |         rx_powers_milli_watt: &[f64],
    |         ^^^^^^^^^^^^^^^^^^^^ help: if this is intentional, prefix it with an underscore: `_rx_powers_milli_watt`

warning: unused variable: `b_in_band`
   --> emane-core/src/spectrum_monitor.rs:298:9
    |
298 |         b_in_band: bool,
    |         ^^^^^^^^^ help: if this is intentional, prefix it with an underscore: `_b_in_band`

warning: unused variable: `transmitters`
   --> emane-core/src/spectrum_monitor.rs:299:9
    |
299 |         transmitters: &[u16],
    |         ^^^^^^^^^^^^ help: if this is intentional, prefix it with an underscore: `_transmitters`

warning: unused variable: `u16_sub_id`
   --> emane-core/src/spectrum_monitor.rs:300:9
    |
300 |         u16_sub_id: u16,
    |         ^^^^^^^^^^ help: if this is intentional, prefix it with an underscore: `_u16_sub_id`

warning: unused variable: `tx_antenna_index`
   --> emane-core/src/spectrum_monitor.rs:301:9
    |
301 |         tx_antenna_index: u16,
    |         ^^^^^^^^^^^^^^^^ help: if this is intentional, prefix it with an underscore: `_tx_antenna_index`

warning: unused variable: `spectral_mask_index`
   --> emane-core/src/spectrum_monitor.rs:302:9
    |
302 |         spectral_mask_index: u16,
    |         ^^^^^^^^^^^^^^^^^^^ help: if this is intentional, prefix it with an underscore: `_spectral_mask_index`

warning: unused variable: `filter_data_ptr`
   --> emane-core/src/spectrum_monitor.rs:303:9
    |
303 |         filter_data_ptr: *const u8,
    |         ^^^^^^^^^^^^^^^ help: if this is intentional, prefix it with an underscore: `_filter_data_ptr`

warning: unused variable: `filter_data_len`
   --> emane-core/src/spectrum_monitor.rs:304:9
    |
304 |         filter_data_len: usize,
    |         ^^^^^^^^^^^^^^^ help: if this is intentional, prefix it with an underscore: `_filter_data_len`

warning: unnecessary `unsafe` block
   --> emane-core/src/receive_processor.rs:178:35
    |
178 | ...   let gain_result = unsafe { emane_rs_gain_manager_determine_gain(r...
    |                         ^^^^^^ unnecessary `unsafe` block

warning: unused variable: `optional_filter_data`
   --> emane-core/src/receive_processor.rs:329:5
    |
329 |     optional_filter_data: *const c_void,
    |     ^^^^^^^^^^^^^^^^^^^^ help: if this is intentional, prefix it with an underscore: `_optional_filter_data`

warning: unused variable: `result_ptr`
   --> emane-core/src/receive_processor.rs:330:5
    |
330 |     result_ptr: *mut c_void
    |     ^^^^^^^^^^ help: if this is intentional, prefix it with an underscore: `_result_ptr`

warning: unused variable: `id`
   --> emane-core/src/factory_manager.rs:339:5
    |
339 |     id: u16,
    |     ^^ help: if this is intentional, prefix it with an underscore: `_id`

warning: unnecessary `unsafe` block
  --> emane-core/src/tuntap.rs:35:9
   |
35 |         unsafe {
   |         ^^^^^^ unnecessary `unsafe` block

warning: unnecessary `unsafe` block
  --> emane-core/src/tuntap.rs:99:9
   |
99 |         unsafe {
   |         ^^^^^^ unnecessary `unsafe` block

warning: unnecessary `unsafe` block
  --> emane-core/src/virtual_transport.rs:78:25
   |
78 |                         unsafe {
   |                         ^^^^^^ unnecessary `unsafe` block

warning: unnecessary `unsafe` block
  --> emane-core/src/raw_transport.rs:99:21
   |
99 |                     unsafe {
   |                     ^^^^^^ unnecessary `unsafe` block

warning: variable does not need to be mutable
   --> emane-core/src/eel_generator.rs:190:9
    |
190 |     let mut has_events = false;
    |         ----^^^^^^^^^^
    |         |
    |         help: remove this `mut`

warning: unused variable: `has_events`
   --> emane-core/src/eel_generator.rs:190:9
    |
190 |     let mut has_events = false;
    |         ^^^^^^^^^^^^^^ help: if this is intentional, prefix it with an underscore: `_has_events`

warning: unused variable: `i`
   --> emane-core/src/eel_generator.rs:191:9
    |
191 |     for i in 0..num_plugins {
    |         ^ help: if this is intentional, prefix it with an underscore: `_i`

warning: field `name` is never read
  --> emane-core/src/statistics.rs:85:5
   |
84 | pub struct StatisticInfo {
   |            ------------- field in this struct
85 |     name: String,
   |     ^^^^
   |
   = note: `#[warn(dead_code)]` (part of `#[warn(unused)]`) on by default

warning: field `name` is never read
  --> emane-core/src/statistics.rs:93:5
   |
92 | pub struct StatisticTableInfo {
   |            ------------------ field in this struct
93 |     name: String,
   |     ^^^^

warning: function `is_clearable` is never used
   --> emane-core/src/statistics.rs:124:4
    |
124 | fn is_clearable(properties: u64) -> bool {
    |    ^^^^^^^^^^^^

warning: function `emane_c_log_debug` is never used
  --> emane-core/src/event_service.rs:11:8
   |
11 |     fn emane_c_log_debug(msg: *const c_char);
   |        ^^^^^^^^^^^^^^^^^

warning: field `nem_id` is never read
  --> emane-core/src/neighbor_metric_manager.rs:21:5
   |
20 | struct NeighborData {
   |        ------------ field in this struct
21 |     nem_id: u16,
   |     ^^^^^^
   |
   = note: `NeighborData` has a derived impl for the trait `Clone`, but this is intentionally ignored during dead code analysis

warning: fields `nem_id` and `last_neighbor_status_update_time` are never read
  --> emane-core/src/neighbor_metric_manager.rs:71:5
   |
70 | pub struct NeighborMetricManager {
   |            --------------------- fields in this struct
71 |     nem_id: u16,
   |     ^^^^^^
...
75 |     last_neighbor_status_update_time: Duration,
   |     ^^^^^^^^^^^^^^^^^^^^^^^^^^^^^^^^

warning: field `nem_id` is never read
  --> emane-core/src/queue_metric_manager.rs:38:5
   |
37 | pub struct QueueMetricManager {
   |            ------------------ field in this struct
38 |     nem_id: u16,
   |     ^^^^^^

warning: field `nem_id` is never read
  --> emane-core/src/rf_signal_table.rs:38:5
   |
37 | pub struct RFSignalTable {
   |            ------------- field in this struct
38 |     nem_id: u16,
   |     ^^^^^^

warning: field `id` is never read
 --> emane-core/src/tdma_mac.rs:6:5
  |
5 | pub struct TdmaMac {
  |            ------- field in this struct
6 |     id: u16,
  |     ^^

warning: function `emane_c_mac_plugin_configure` is never used
  --> emane-core/src/mac_layer.rs:18:8
   |
18 |     fn emane_c_mac_plugin_configure(plugin: *mut c_void, update: *mut c_...
   |        ^^^^^^^^^^^^^^^^^^^^^^^^^^^^

warning: field `id` is never read
  --> emane-core/src/nem_impl.rs:12:5
   |
11 | pub struct NemImpl {
   |            ------- field in this struct
12 |     id: u16,
   |     ^^

warning: field `nem_id` is never read
  --> emane-core/src/location_manager.rs:10:5
   |
 9 | pub struct LocationManagerImpl {
   |            ------------------- field in this struct
10 |     nem_id: u16,
   |     ^^^^^^

warning: field `nem_id` is never read
  --> emane-core/src/fading_manager.rs:13:5
   |
12 | pub struct FadingManager {
   |            ------------- field in this struct
13 |     nem_id: u16,
   |     ^^^^^^

warning: field `id` is never read
  --> emane-core/src/boundary_message_manager.rs:14:5
   |
13 | pub struct BoundaryMessageManagerState {
   |            --------------------------- field in this struct
14 |     id: u16,
   |     ^^

warning: fields `transmitter_spectral_mask_cache` and `filter_transmitter_spectral_mask_cache` are never read
   --> emane-core/src/spectrum_monitor.rs:97:5
    |
 87 | pub struct SpectrumMonitor {
    |            --------------- fields in this struct
...
 97 |     transmitter_spectral_mask_cache: HashMap<u64, (HashMap<u64, Vec<Noi...
    |     ^^^^^^^^^^^^^^^^^^^^^^^^^^^^^^^
...
109 |     filter_transmitter_spectral_mask_cache: HashMap<u64, (HashMap<u64, ...
    |     ^^^^^^^^^^^^^^^^^^^^^^^^^^^^^^^^^^^^^^

warning: function `doppler_shift` is never used
   --> emane-core/src/spectrum_monitor.rs:112:4
    |
112 | fn doppler_shift(freq: u64, doppler_factor: f64) -> i64 {
    |    ^^^^^^^^^^^^^

warning: function `emane_rs_filter_match` is never used
  --> emane-core/src/spectrum_monitor.rs:56:8
   |
56 |     fn emane_rs_filter_match(
   |        ^^^^^^^^^^^^^^^^^^^^^

warning: function `emane_c_location_infos_size` is never used
  --> emane-core/src/receive_processor.rs:40:8
   |
40 |     fn emane_c_location_infos_size(vec_ptr: *const c_void) -> usize;
   |        ^^^^^^^^^^^^^^^^^^^^^^^^^^^

warning: function `emane_c_fading_infos_size` is never used
  --> emane-core/src/receive_processor.rs:43:8
   |
43 |     fn emane_c_fading_infos_size(vec_ptr: *const c_void) -> usize;
   |        ^^^^^^^^^^^^^^^^^^^^^^^^^

warning: field `nem_id` is never read
 --> emane-core/src/gpsd_location_agent.rs:8:5
  |
7 | pub struct GpsdLocationAgent {
  |            ----------------- field in this struct
8 |     nem_id: u16,
  |     ^^^^^^

warning: constant `SIOCSIFADDR` is never used
 --> emane-core/src/tuntap.rs:9:7
  |
9 | const SIOCSIFADDR: u64 = 0x8916;
  |       ^^^^^^^^^^^

warning: constant `SIOCSIFNETMASK` is never used
  --> emane-core/src/tuntap.rs:10:7
   |
10 | const SIOCSIFNETMASK: u64 = 0x891c;
   |       ^^^^^^^^^^^^^^

warning: field `id` is never read
  --> emane-core/src/raw_transport.rs:10:5
   |
 9 | pub struct RawTransport {
   |            ------------ field in this struct
10 |     id: u16,
   |     ^^

warning: `extern` block uses type `[u64; 4]`, which is not FFI-safe
   --> /home/joe/src/sleepybishop/emane/rust/target/debug/build/emane-core-c557cceca8880c7f/out/bindings.rs:567:80
    |
567 | ..., bWithPort: bool) -> std_string;
    |                          ^^^^^^^^^^ not FFI-safe
    |
    = help: consider passing a pointer to the array
    = note: passing raw arrays by value is not FFI-safe
    = note: `#[warn(improper_ctypes)]` on by default

warning: `extern` block uses type `[u64; 4]`, which is not FFI-safe
   --> /home/joe/src/sleepybishop/emane/rust/target/debug/build/emane-core-c557cceca8880c7f/out/bindings.rs:886:58
    |
886 |     pub fn EMANE_Any_asString(this: *const EMANE_Any) -> std_string;
    |                                                          ^^^^^^^^^^ not FFI-safe
    |
    = help: consider passing a pointer to the array
    = note: passing raw arrays by value is not FFI-safe

warning: `extern` block uses type `[u64; 4]`, which is not FFI-safe
   --> /home/joe/src/sleepybishop/emane/rust/target/debug/build/emane-core-c557cceca8880c7f/out/bindings.rs:896:58
    |
896 |     pub fn EMANE_Any_toString(this: *const EMANE_Any) -> std_string;
    |                                                          ^^^^^^^^^^ not FFI-safe
    |
    = help: consider passing a pointer to the array
    = note: passing raw arrays by value is not FFI-safe

warning: `extern` block uses type `[u64; 4]`, which is not FFI-safe
   --> /home/joe/src/sleepybishop/emane/rust/target/debug/build/emane-core-c557cceca8880c7f/out/bindings.rs:901:37
    |
901 |     pub fn EMANE_Any_create(sValue: std_string, type_: EMANE_Any_Type) ...
    |                                     ^^^^^^^^^^ not FFI-safe
    |
    = help: consider passing a pointer to the array
    = note: passing raw arrays by value is not FFI-safe

warning: `extern` block uses type `[u64; 4]`, which is not FFI-safe
    --> /home/joe/src/sleepybishop/emane/rust/target/debug/build/emane-core-c557cceca8880c7f/out/bindings.rs:1195:67
     |
1195 | ...st EMANE_Any_Type) -> std_string;
     |                          ^^^^^^^^^^ not FFI-safe
     |
     = help: consider passing a pointer to the array
     = note: passing raw arrays by value is not FFI-safe

warning: `extern` block uses type `[u64; 3]`, which is not FFI-safe
    --> /home/joe/src/sleepybishop/emane/rust/target/debug/build/emane-core-c557cceca8880c7f/out/bindings.rs:2990:80
     |
2990 | ...CommonPHYHeader) -> EMANE_Strings;
     |                        ^^^^^^^^^^^^^ not FFI-safe
     |
     = help: consider passing a pointer to the array
     = note: passing raw arrays by value is not FFI-safe

warning: unused return value of `Box::<T>::from_raw` that must be used
   --> emane-core/src/neighbor_metric_manager.rs:320:18
    |
320 |         unsafe { Box::from_raw(ptr); }
    |                  ^^^^^^^^^^^^^^^^^^
    |
    = note: call `drop(Box::from_raw(ptr))` if you intend to drop the `Box`
    = note: `#[warn(unused_must_use)]` (part of `#[warn(unused)]`) on by default
help: use `let _ = ...` to ignore the resulting value
    |
320 |         unsafe { let _ = Box::from_raw(ptr); }
    |                  +++++++

warning: unused return value of `Box::<T>::from_raw` that must be used
   --> emane-core/src/queue_metric_manager.rs:123:18
    |
123 |         unsafe { Box::from_raw(ptr); }
    |                  ^^^^^^^^^^^^^^^^^^
    |
    = note: call `drop(Box::from_raw(ptr))` if you intend to drop the `Box`
help: use `let _ = ...` to ignore the resulting value
    |
123 |         unsafe { let _ = Box::from_raw(ptr); }
    |                  +++++++

warning: creating a shared reference to mutable static
   --> emane-core/src/spectral_mask.rs:257:12
    |
257 |         if MANAGER.is_none() {
    |            ^^^^^^^^^^^^^^^^^ shared reference to mutable static
    |
    = note: shared references to mutable statics are dangerous; it's undefined behavior if the static is mutated or if a mutable reference is created for it while the shared reference lives
    = note: for more information, see <https://doc.rust-lang.org/edition-guide/rust-2024/static-mut-references.html>
    = note: `#[warn(static_mut_refs)]` (part of `#[warn(rust_2024_compatibility)]`) on by default

warning: creating a mutable reference to mutable static
   --> emane-core/src/spectral_mask.rs:260:9
    |
260 |         MANAGER.as_mut().unwrap()
    |         ^^^^^^^^^^^^^^^^ mutable reference to mutable static
    |
    = note: mutable references to mutable statics are dangerous; it's undefined behavior if any other pointer to the static is used or if any other reference is created for the static while the mutable reference lives
    = note: for more information, see <https://doc.rust-lang.org/edition-guide/rust-2024/static-mut-references.html>

warning: creating a shared reference to mutable static
   --> emane-core/src/antenna.rs:191:12
    |
191 |         if MANAGER.is_none() {
    |            ^^^^^^^^^^^^^^^^^ shared reference to mutable static
    |
    = note: shared references to mutable statics are dangerous; it's undefined behavior if the static is mutated or if a mutable reference is created for it while the shared reference lives
    = note: for more information, see <https://doc.rust-lang.org/edition-guide/rust-2024/static-mut-references.html>

warning: creating a mutable reference to mutable static
   --> emane-core/src/antenna.rs:194:9
    |
194 |         MANAGER.as_mut().unwrap()
    |         ^^^^^^^^^^^^^^^^ mutable reference to mutable static
    |
    = note: mutable references to mutable statics are dangerous; it's undefined behavior if any other pointer to the static is used or if any other reference is created for the static while the mutable reference lives
    = note: for more information, see <https://doc.rust-lang.org/edition-guide/rust-2024/static-mut-references.html>

warning: `emane-core` (lib) generated 112 warnings (run `cargo fix --lib -p emane-core` to apply 58 suggestions)
warning: unused import: `ParamValues`
 --> emane-core/src/bin/emane.rs:1:56
  |
1 | use emane_core::xml_parser::{parse_platform, ParamMap, ParamValues};
  |                                                        ^^^^^^^^^^^
  |
  = note: `#[warn(unused_imports)]` (part of `#[warn(unused)]`) on by default

warning: variable `daemonize` is assigned to, but never used
  --> emane-core/src/bin/emane.rs:89:9
   |
89 |     let mut daemonize = false;
   |         ^^^^^^^^^^^^^
   |
   = note: consider using `_daemonize` instead
   = note: `#[warn(unused_variables)]` (part of `#[warn(unused)]`) on by default

warning: variable `log_file` is assigned to, but never used
  --> emane-core/src/bin/emane.rs:90:9
   |
90 |     let mut log_file = None;
   |         ^^^^^^^^^^^^
   |
   = note: consider using `_log_file` instead

warning: variable `log_level` is assigned to, but never used
  --> emane-core/src/bin/emane.rs:91:9
   |
91 |     let mut log_level = 2;
   |         ^^^^^^^^^^^^^
   |
   = note: consider using `_log_level` instead

warning: variable `pid_file` is assigned to, but never used
  --> emane-core/src/bin/emane.rs:92:9
   |
92 |     let mut pid_file = None;
   |         ^^^^^^^^^^^^
   |
   = note: consider using `_pid_file` instead

warning: variable `priority` is assigned to, but never used
  --> emane-core/src/bin/emane.rs:93:9
   |
93 |     let mut priority = 50;
   |         ^^^^^^^^^^^^
   |
   = note: consider using `_priority` instead

warning: variable `realtime` is assigned to, but never used
  --> emane-core/src/bin/emane.rs:94:9
   |
94 |     let mut realtime = false;
   |         ^^^^^^^^^^^^
   |
   = note: consider using `_realtime` instead

warning: variable `syslog` is assigned to, but never used
  --> emane-core/src/bin/emane.rs:95:9
   |
95 |     let mut syslog = false;
   |         ^^^^^^^^^^
   |
   = note: consider using `_syslog` instead

warning: variable `uuid_file` is assigned to, but never used
  --> emane-core/src/bin/emane.rs:96:9
   |
96 |     let mut uuid_file = None;
   |         ^^^^^^^^^^^^^
   |
   = note: consider using `_uuid_file` instead

warning: value assigned to `daemonize` is never read
   --> emane-core/src/bin/emane.rs:101:37
    |
101 |             "-d" | "--daemonize" => daemonize = true,
    |                                     ^^^^^^^^^^^^^^^^
    |
    = help: maybe it is overwritten before being read?
    = note: `#[warn(unused_assignments)]` (part of `#[warn(unused)]`) on by default

warning: value assigned to `log_file` is never read
   --> emane-core/src/bin/emane.rs:114:37
    |
114 |                 if i < args.len() { log_file = Some(args[i].clone()); }
    |                                     ^^^^^^^^
    |
    = help: maybe it is overwritten before being read?

warning: value assigned to `log_level` is never read
   --> emane-core/src/bin/emane.rs:118:37
    |
118 | ...   if i < args.len() { log_level = args[i].parse().unwrap_or(2); }
    |                           ^^^^^^^^^^^^^^^^^^^^^^^^^^^^^^^^^^^^^^^^
    |
    = help: maybe it is overwritten before being read?

warning: value assigned to `pid_file` is never read
   --> emane-core/src/bin/emane.rs:122:37
    |
122 |                 if i < args.len() { pid_file = Some(args[i].clone()); }
    |                                     ^^^^^^^^
    |
    = help: maybe it is overwritten before being read?

warning: value assigned to `priority` is never read
   --> emane-core/src/bin/emane.rs:126:37
    |
126 | ...   if i < args.len() { priority = args[i].parse().unwrap_or(50); }
    |                           ^^^^^^^^^^^^^^^^^^^^^^^^^^^^^^^^^^^^^^^^
    |
    = help: maybe it is overwritten before being read?

warning: value assigned to `realtime` is never read
   --> emane-core/src/bin/emane.rs:102:36
    |
102 |             "-r" | "--realtime" => realtime = true,
    |                                    ^^^^^^^^^^^^^^^
    |
    = help: maybe it is overwritten before being read?

warning: value assigned to `syslog` is never read
   --> emane-core/src/bin/emane.rs:103:27
    |
103 |             "--syslog" => syslog = true,
    |                           ^^^^^^^^^^^^^
    |
    = help: maybe it is overwritten before being read?

warning: value assigned to `uuid_file` is never read
   --> emane-core/src/bin/emane.rs:130:37
    |
130 |                 if i < args.len() { uuid_file = Some(args[i].clone()); }
    |                                     ^^^^^^^^^
    |
    = help: maybe it is overwritten before being read?

warning: field `config` is never read
  --> emane-core/src/bin/emanetransportd.rs:38:5
   |
37 | pub struct TransportDirector {
   |            ----------------- field in this struct
38 |     config: TransportConfig,
   |     ^^^^^^
   |
   = note: `#[warn(dead_code)]` (part of `#[warn(unused)]`) on by default

warning: variable does not need to be mutable
   --> emane-core/src/bin/emaneeventservice.rs:149:13
    |
149 |         let mut t = unsafe { libc::time(std::ptr::null_mut()) };
    |             ----^
    |             |
    |             help: remove this `mut`
    |
    = note: `#[warn(unused_mut)]` (part of `#[warn(unused)]`) on by default

warning: field `config` is never read
  --> emane-core/src/bin/emaneeventservice.rs:37:5
   |
36 | pub struct EventDirector {
   |            ------------- field in this struct
37 |     config: EventServiceConfig,
   |     ^^^^^^
   |
   = note: `#[warn(dead_code)]` (part of `#[warn(unused)]`) on by default

warning: `emane-core` (bin "emane") generated 17 warnings (run `cargo fix --bin "emane" -p emane-core` to apply 1 suggestion)
warning: `emane-core` (bin "emanetransportd") generated 1 warning
warning: `emane-core` (bin "emaneeventservice") generated 2 warnings (run `cargo fix --bin "emaneeventservice" -p emane-core` to apply 1 suggestion)
    Finished `dev` profile [unoptimized + debuginfo] target(s) in 0.04s
cp ../../../rust/target/debug/emanetransportd ./emanetransportd
make[3]: Leaving directory '/home/joe/src/sleepybishop/emane/src/applications/emanetransportd'
Making all in emaneinfo
make[3]: Entering directory '/home/joe/src/sleepybishop/emane/src/applications/emaneinfo'
make[3]: Nothing to be done for 'all'.
make[3]: Leaving directory '/home/joe/src/sleepybishop/emane/src/applications/emaneinfo'
make[3]: Entering directory '/home/joe/src/sleepybishop/emane/src/applications'
make[3]: Nothing to be done for 'all-am'.
make[3]: Leaving directory '/home/joe/src/sleepybishop/emane/src/applications'
make[2]: Leaving directory '/home/joe/src/sleepybishop/emane/src/applications'
Making all in generators
make[2]: Entering directory '/home/joe/src/sleepybishop/emane/src/generators'
Making all in eel
make[3]: Entering directory '/home/joe/src/sleepybishop/emane/src/generators/eel'
make  all-recursive
make[4]: Entering directory '/home/joe/src/sleepybishop/emane/src/generators/eel'
Making all in loaders
make[5]: Entering directory '/home/joe/src/sleepybishop/emane/src/generators/eel/loaders'
Making all in location
make[6]: Entering directory '/home/joe/src/sleepybishop/emane/src/generators/eel/loaders/location'
make[6]: Nothing to be done for 'all'.
make[6]: Leaving directory '/home/joe/src/sleepybishop/emane/src/generators/eel/loaders/location'
Making all in pathloss
make[6]: Entering directory '/home/joe/src/sleepybishop/emane/src/generators/eel/loaders/pathloss'
make[6]: Nothing to be done for 'all'.
make[6]: Leaving directory '/home/joe/src/sleepybishop/emane/src/generators/eel/loaders/pathloss'
Making all in pathlossex
make[6]: Entering directory '/home/joe/src/sleepybishop/emane/src/generators/eel/loaders/pathlossex'
make[6]: Nothing to be done for 'all'.
make[6]: Leaving directory '/home/joe/src/sleepybishop/emane/src/generators/eel/loaders/pathlossex'
Making all in antennaprofile
make[6]: Entering directory '/home/joe/src/sleepybishop/emane/src/generators/eel/loaders/antennaprofile'
make[6]: Nothing to be done for 'all'.
make[6]: Leaving directory '/home/joe/src/sleepybishop/emane/src/generators/eel/loaders/antennaprofile'
Making all in commeffect
make[6]: Entering directory '/home/joe/src/sleepybishop/emane/src/generators/eel/loaders/commeffect'
make[6]: Nothing to be done for 'all'.
make[6]: Leaving directory '/home/joe/src/sleepybishop/emane/src/generators/eel/loaders/commeffect'
Making all in fadingselection
make[6]: Entering directory '/home/joe/src/sleepybishop/emane/src/generators/eel/loaders/fadingselection'
make[6]: Nothing to be done for 'all'.
make[6]: Leaving directory '/home/joe/src/sleepybishop/emane/src/generators/eel/loaders/fadingselection'
make[6]: Entering directory '/home/joe/src/sleepybishop/emane/src/generators/eel/loaders'
make[6]: Nothing to be done for 'all-am'.
make[6]: Leaving directory '/home/joe/src/sleepybishop/emane/src/generators/eel/loaders'
make[5]: Leaving directory '/home/joe/src/sleepybishop/emane/src/generators/eel/loaders'
make[5]: Entering directory '/home/joe/src/sleepybishop/emane/src/generators/eel'
/bin/sh ../../../libtool  --tag=CXX   --mode=compile g++ -std=c++17 -DPACKAGE_NAME=\"emane\" -DPACKAGE_TARNAME=\"emane\" -DPACKAGE_VERSION=\"1.5.3\" -DPACKAGE_STRING=\"emane\ 1.5.3\" -DPACKAGE_BUGREPORT=\"emane\ at\ adjacent\ link\ dot\ com\" -DPACKAGE_URL=\"\" -DPACKAGE=\"emane\" -DVERSION=\"1.5.3\" -DHAVE_CXX17=1 -DHAVE_STDIO_H=1 -DHAVE_STDLIB_H=1 -DHAVE_STRING_H=1 -DHAVE_INTTYPES_H=1 -DHAVE_STDINT_H=1 -DHAVE_STRINGS_H=1 -DHAVE_SYS_STAT_H=1 -DHAVE_SYS_TYPES_H=1 -DHAVE_UNISTD_H=1 -DSTDC_HEADERS=1 -DHAVE_DLFCN_H=1 -DLT_OBJDIR=\".libs/\" -I.  -I../../../include  -I/usr/include/libxml2 -DWITH_GZFILEOP   -I/usr/include/uuid -DVERBOSE_LOGGING  -g -O3 -Wall -Wextra -MT libeelgenerator_la-eeleventgenerator.lo -MD -MP -MF .deps/libeelgenerator_la-eeleventgenerator.Tpo -c -o libeelgenerator_la-eeleventgenerator.lo `test -f 'eeleventgenerator.cc' || echo './'`eeleventgenerator.cc
libtool: compile:  g++ -std=c++17 -DPACKAGE_NAME=\"emane\" -DPACKAGE_TARNAME=\"emane\" -DPACKAGE_VERSION=\"1.5.3\" "-DPACKAGE_STRING=\"emane 1.5.3\"" "-DPACKAGE_BUGREPORT=\"emane at adjacent link dot com\"" -DPACKAGE_URL=\"\" -DPACKAGE=\"emane\" -DVERSION=\"1.5.3\" -DHAVE_CXX17=1 -DHAVE_STDIO_H=1 -DHAVE_STDLIB_H=1 -DHAVE_STRING_H=1 -DHAVE_INTTYPES_H=1 -DHAVE_STDINT_H=1 -DHAVE_STRINGS_H=1 -DHAVE_SYS_STAT_H=1 -DHAVE_SYS_TYPES_H=1 -DHAVE_UNISTD_H=1 -DSTDC_HEADERS=1 -DHAVE_DLFCN_H=1 -DLT_OBJDIR=\".libs/\" -I. -I../../../include -I/usr/include/libxml2 -DWITH_GZFILEOP -I/usr/include/uuid -DVERBOSE_LOGGING -g -O3 -Wall -Wextra -MT libeelgenerator_la-eeleventgenerator.lo -MD -MP -MF .deps/libeelgenerator_la-eeleventgenerator.Tpo -c eeleventgenerator.cc  -fPIC -DPIC -o .libs/libeelgenerator_la-eeleventgenerator.o
libtool: compile:  g++ -std=c++17 -DPACKAGE_NAME=\"emane\" -DPACKAGE_TARNAME=\"emane\" -DPACKAGE_VERSION=\"1.5.3\" "-DPACKAGE_STRING=\"emane 1.5.3\"" "-DPACKAGE_BUGREPORT=\"emane at adjacent link dot com\"" -DPACKAGE_URL=\"\" -DPACKAGE=\"emane\" -DVERSION=\"1.5.3\" -DHAVE_CXX17=1 -DHAVE_STDIO_H=1 -DHAVE_STDLIB_H=1 -DHAVE_STRING_H=1 -DHAVE_INTTYPES_H=1 -DHAVE_STDINT_H=1 -DHAVE_STRINGS_H=1 -DHAVE_SYS_STAT_H=1 -DHAVE_SYS_TYPES_H=1 -DHAVE_UNISTD_H=1 -DSTDC_HEADERS=1 -DHAVE_DLFCN_H=1 -DLT_OBJDIR=\".libs/\" -I. -I../../../include -I/usr/include/libxml2 -DWITH_GZFILEOP -I/usr/include/uuid -DVERBOSE_LOGGING -g -O3 -Wall -Wextra -MT libeelgenerator_la-eeleventgenerator.lo -MD -MP -MF .deps/libeelgenerator_la-eeleventgenerator.Tpo -c eeleventgenerator.cc -o libeelgenerator_la-eeleventgenerator.o >/dev/null 2>&1
mv -f .deps/libeelgenerator_la-eeleventgenerator.Tpo .deps/libeelgenerator_la-eeleventgenerator.Plo
/bin/sh ../../../libtool  --tag=CXX   --mode=link g++ -std=c++17  -g -O3 -Wall -Wextra  -avoid-version -lpthread -ldl -o libeelgenerator.la -rpath /usr/local/lib libeelgenerator_la-eeleventgenerator.lo libeelgenerator_la-eelinputparser.lo libeelgenerator_la-eelloaderpluginfactory.lo ../../../src/libemane/.libs/libemane.la 
libtool: link: rm -fr  .libs/libeelgenerator.a .libs/libeelgenerator.la .libs/libeelgenerator.lai .libs/libeelgenerator.so
libtool: link: g++ -std=c++17  -fPIC -DPIC -shared -nostdlib /usr/lib/gcc/x86_64-redhat-linux/15/../../../../lib64/crti.o /usr/lib/gcc/x86_64-redhat-linux/15/crtbeginS.o  .libs/libeelgenerator_la-eeleventgenerator.o .libs/libeelgenerator_la-eelinputparser.o .libs/libeelgenerator_la-eelloaderpluginfactory.o   -Wl,-rpath -Wl,/home/joe/src/sleepybishop/emane/src/libemane/.libs -Wl,-rpath -Wl,/usr/local/lib ../../../src/libemane/.libs/libemane.so -lpthread -ldl -lrt -lxml2 -lprotobuf -luuid -lpcap -L/usr/lib/gcc/x86_64-redhat-linux/15 -L/usr/lib/gcc/x86_64-redhat-linux/15/../../../../lib64 -L/lib/../lib64 -L/usr/lib/../lib64 -L/usr/lib/gcc/x86_64-redhat-linux/15/../../.. -L/lib -L/usr/lib -lstdc++ -lm -lgcc_s -lc -lgcc_s /usr/lib/gcc/x86_64-redhat-linux/15/crtendS.o /usr/lib/gcc/x86_64-redhat-linux/15/../../../../lib64/crtn.o  -g -O3   -Wl,-soname -Wl,libeelgenerator.so -o .libs/libeelgenerator.so
libtool: link: ar cr .libs/libeelgenerator.a  libeelgenerator_la-eeleventgenerator.o libeelgenerator_la-eelinputparser.o libeelgenerator_la-eelloaderpluginfactory.o
libtool: link: ranlib .libs/libeelgenerator.a
libtool: link: ( cd ".libs" && rm -f "libeelgenerator.la" && ln -s "../libeelgenerator.la" "libeelgenerator.la" )
make[5]: Leaving directory '/home/joe/src/sleepybishop/emane/src/generators/eel'
make[4]: Leaving directory '/home/joe/src/sleepybishop/emane/src/generators/eel'
make[3]: Leaving directory '/home/joe/src/sleepybishop/emane/src/generators/eel'
make[3]: Entering directory '/home/joe/src/sleepybishop/emane/src/generators'
make[3]: Nothing to be done for 'all-am'.
make[3]: Leaving directory '/home/joe/src/sleepybishop/emane/src/generators'
make[2]: Leaving directory '/home/joe/src/sleepybishop/emane/src/generators'
Making all in models
make[2]: Entering directory '/home/joe/src/sleepybishop/emane/src/models'
Making all in mac
make[3]: Entering directory '/home/joe/src/sleepybishop/emane/src/models/mac'
Making all in bypass
make[4]: Entering directory '/home/joe/src/sleepybishop/emane/src/models/mac/bypass'
make  all-am
make[5]: Entering directory '/home/joe/src/sleepybishop/emane/src/models/mac/bypass'
make[5]: Nothing to be done for 'all-am'.
make[5]: Leaving directory '/home/joe/src/sleepybishop/emane/src/models/mac/bypass'
make[4]: Leaving directory '/home/joe/src/sleepybishop/emane/src/models/mac/bypass'
Making all in rfpipe
make[4]: Entering directory '/home/joe/src/sleepybishop/emane/src/models/mac/rfpipe'
make[4]: Nothing to be done for 'all'.
make[4]: Leaving directory '/home/joe/src/sleepybishop/emane/src/models/mac/rfpipe'
Making all in ieee80211abg
make[4]: Entering directory '/home/joe/src/sleepybishop/emane/src/models/mac/ieee80211abg'
make  all-am
make[5]: Entering directory '/home/joe/src/sleepybishop/emane/src/models/mac/ieee80211abg'
make[5]: Nothing to be done for 'all-am'.
make[5]: Leaving directory '/home/joe/src/sleepybishop/emane/src/models/mac/ieee80211abg'
make[4]: Leaving directory '/home/joe/src/sleepybishop/emane/src/models/mac/ieee80211abg'
Making all in tdma
make[4]: Entering directory '/home/joe/src/sleepybishop/emane/src/models/mac/tdma'
make  all-recursive
make[5]: Entering directory '/home/joe/src/sleepybishop/emane/src/models/mac/tdma'
Making all in .
make[6]: Entering directory '/home/joe/src/sleepybishop/emane/src/models/mac/tdma'
make[6]: Nothing to be done for 'all-am'.
make[6]: Leaving directory '/home/joe/src/sleepybishop/emane/src/models/mac/tdma'
Making all in eventscheduler
make[6]: Entering directory '/home/joe/src/sleepybishop/emane/src/models/mac/tdma/eventscheduler'
make  all-am
make[7]: Entering directory '/home/joe/src/sleepybishop/emane/src/models/mac/tdma/eventscheduler'
make[7]: Nothing to be done for 'all-am'.
make[7]: Leaving directory '/home/joe/src/sleepybishop/emane/src/models/mac/tdma/eventscheduler'
make[6]: Leaving directory '/home/joe/src/sleepybishop/emane/src/models/mac/tdma/eventscheduler'
make[5]: Leaving directory '/home/joe/src/sleepybishop/emane/src/models/mac/tdma'
make[4]: Leaving directory '/home/joe/src/sleepybishop/emane/src/models/mac/tdma'
Making all in bentpipe
make[4]: Entering directory '/home/joe/src/sleepybishop/emane/src/models/mac/bentpipe'
make  all-am
make[5]: Entering directory '/home/joe/src/sleepybishop/emane/src/models/mac/bentpipe'
make[5]: Nothing to be done for 'all-am'.
make[5]: Leaving directory '/home/joe/src/sleepybishop/emane/src/models/mac/bentpipe'
make[4]: Leaving directory '/home/joe/src/sleepybishop/emane/src/models/mac/bentpipe'
make[4]: Entering directory '/home/joe/src/sleepybishop/emane/src/models/mac'
make[4]: Nothing to be done for 'all-am'.
make[4]: Leaving directory '/home/joe/src/sleepybishop/emane/src/models/mac'
make[3]: Leaving directory '/home/joe/src/sleepybishop/emane/src/models/mac'
Making all in phy
make[3]: Entering directory '/home/joe/src/sleepybishop/emane/src/models/phy'
Making all in bypass
make[4]: Entering directory '/home/joe/src/sleepybishop/emane/src/models/phy/bypass'
make  all-am
make[5]: Entering directory '/home/joe/src/sleepybishop/emane/src/models/phy/bypass'
make[5]: Nothing to be done for 'all-am'.
make[5]: Leaving directory '/home/joe/src/sleepybishop/emane/src/models/phy/bypass'
make[4]: Leaving directory '/home/joe/src/sleepybishop/emane/src/models/phy/bypass'
make[4]: Entering directory '/home/joe/src/sleepybishop/emane/src/models/phy'
make[4]: Nothing to be done for 'all-am'.
make[4]: Leaving directory '/home/joe/src/sleepybishop/emane/src/models/phy'
make[3]: Leaving directory '/home/joe/src/sleepybishop/emane/src/models/phy'
Making all in shim
make[3]: Entering directory '/home/joe/src/sleepybishop/emane/src/models/shim'
Making all in phyapitest
make[4]: Entering directory '/home/joe/src/sleepybishop/emane/src/models/shim/phyapitest'
make  all-am
make[5]: Entering directory '/home/joe/src/sleepybishop/emane/src/models/shim/phyapitest'
make[5]: Nothing to be done for 'all-am'.
make[5]: Leaving directory '/home/joe/src/sleepybishop/emane/src/models/shim/phyapitest'
make[4]: Leaving directory '/home/joe/src/sleepybishop/emane/src/models/shim/phyapitest'
Making all in timinganalysis
make[4]: Entering directory '/home/joe/src/sleepybishop/emane/src/models/shim/timinganalysis'
make  all-am
make[5]: Entering directory '/home/joe/src/sleepybishop/emane/src/models/shim/timinganalysis'
make[5]: Nothing to be done for 'all-am'.
make[5]: Leaving directory '/home/joe/src/sleepybishop/emane/src/models/shim/timinganalysis'
make[4]: Leaving directory '/home/joe/src/sleepybishop/emane/src/models/shim/timinganalysis'
Making all in commeffect
make[4]: Entering directory '/home/joe/src/sleepybishop/emane/src/models/shim/commeffect'
make  all-am
make[5]: Entering directory '/home/joe/src/sleepybishop/emane/src/models/shim/commeffect'
make[5]: Nothing to be done for 'all-am'.
make[5]: Leaving directory '/home/joe/src/sleepybishop/emane/src/models/shim/commeffect'
make[4]: Leaving directory '/home/joe/src/sleepybishop/emane/src/models/shim/commeffect'
make[4]: Entering directory '/home/joe/src/sleepybishop/emane/src/models/shim'
make[4]: Nothing to be done for 'all-am'.
make[4]: Leaving directory '/home/joe/src/sleepybishop/emane/src/models/shim'
make[3]: Leaving directory '/home/joe/src/sleepybishop/emane/src/models/shim'
make[3]: Entering directory '/home/joe/src/sleepybishop/emane/src/models'
make[3]: Nothing to be done for 'all-am'.
make[3]: Leaving directory '/home/joe/src/sleepybishop/emane/src/models'
make[2]: Leaving directory '/home/joe/src/sleepybishop/emane/src/models'
Making all in transports
make[2]: Entering directory '/home/joe/src/sleepybishop/emane/src/transports'
Making all in common
make[3]: Entering directory '/home/joe/src/sleepybishop/emane/src/transports/common'
make[3]: Nothing to be done for 'all'.
make[3]: Leaving directory '/home/joe/src/sleepybishop/emane/src/transports/common'
Making all in virtual
make[3]: Entering directory '/home/joe/src/sleepybishop/emane/src/transports/virtual'
make  all-am
make[4]: Entering directory '/home/joe/src/sleepybishop/emane/src/transports/virtual'
make[4]: Nothing to be done for 'all-am'.
make[4]: Leaving directory '/home/joe/src/sleepybishop/emane/src/transports/virtual'
make[3]: Leaving directory '/home/joe/src/sleepybishop/emane/src/transports/virtual'
Making all in raw
make[3]: Entering directory '/home/joe/src/sleepybishop/emane/src/transports/raw'
make  all-am
make[4]: Entering directory '/home/joe/src/sleepybishop/emane/src/transports/raw'
make[4]: Nothing to be done for 'all-am'.
make[4]: Leaving directory '/home/joe/src/sleepybishop/emane/src/transports/raw'
make[3]: Leaving directory '/home/joe/src/sleepybishop/emane/src/transports/raw'
make[3]: Entering directory '/home/joe/src/sleepybishop/emane/src/transports'
make[3]: Nothing to be done for 'all-am'.
make[3]: Leaving directory '/home/joe/src/sleepybishop/emane/src/transports'
make[2]: Leaving directory '/home/joe/src/sleepybishop/emane/src/transports'
Making all in python
make[2]: Entering directory '/home/joe/src/sleepybishop/emane/src/python'
make  all-am
make[3]: Entering directory '/home/joe/src/sleepybishop/emane/src/python'
/usr/bin/python setup.py build
running build
running build_py
copying emane/__init__.py -> build/lib/emane
copying emane/shell/__init__.py -> build/lib/emane/shell
copying emane/shell/controlportclient.py -> build/lib/emane/shell
copying emane/shell/controlportexception.py -> build/lib/emane/shell
copying emane/shell/emaneshell.py -> build/lib/emane/shell
copying emane/shell/manifest.py -> build/lib/emane/shell
copying emane/shell/manifestexception.py -> build/lib/emane/shell
copying emane/shell/remotecontrolportapi_pb2.py -> build/lib/emane/shell
copying emane/events/__init__.py -> build/lib/emane/events
copying emane/events/antennaprofileevent.py -> build/lib/emane/events
copying emane/events/commeffectevent.py -> build/lib/emane/events
copying emane/events/event.py -> build/lib/emane/events
copying emane/events/eventservice.py -> build/lib/emane/events
copying emane/events/eventserviceexception.py -> build/lib/emane/events
copying emane/events/fadingselectionevent.py -> build/lib/emane/events
copying emane/events/locationevent.py -> build/lib/emane/events
copying emane/events/onehopneighborsevent.py -> build/lib/emane/events
copying emane/events/pathlossevent.py -> build/lib/emane/events
copying emane/events/pathlossexevent.py -> build/lib/emane/events
copying emane/events/tdmaschedule.py -> build/lib/emane/events
copying emane/events/tdmascheduleevent.py -> build/lib/emane/events
copying emane/events/commeffectevent_pb2.py -> build/lib/emane/events
copying emane/events/antennaprofileevent_pb2.py -> build/lib/emane/events
copying emane/events/event_pb2.py -> build/lib/emane/events
copying emane/events/locationevent_pb2.py -> build/lib/emane/events
copying emane/events/pathlossexevent_pb2.py -> build/lib/emane/events
copying emane/events/pathlossevent_pb2.py -> build/lib/emane/events
copying emane/events/tdmascheduleevent_pb2.py -> build/lib/emane/events
copying emane/events/fadingselectionevent_pb2.py -> build/lib/emane/events
copying emane/events/onehopneighborsevent_pb2.py -> build/lib/emane/events
copying emane/ota/__init__.py -> build/lib/emane/ota
copying emane/ota/otamessage.py -> build/lib/emane/ota
copying emane/ota/otapublisher.py -> build/lib/emane/ota
copying emane/ota/otapublisherexception.py -> build/lib/emane/ota
copying emane/ota/otaheader_pb2.py -> build/lib/emane/ota
copying emane/ota/commonphyheader_pb2.py -> build/lib/emane/ota
copying emane/ota/commonmacheader_pb2.py -> build/lib/emane/ota
copying emane/info/__init__.py -> build/lib/emane/info
copying emane/shell/schema/manifest.xsd -> build/lib/emane/shell/schema
copying emane/events/schema/tdmaschedule.xsd -> build/lib/emane/events/schema
copying emane/ota/schema/otapublisherscenario.xsd -> build/lib/emane/ota/schema
running build_scripts
make[3]: Leaving directory '/home/joe/src/sleepybishop/emane/src/python'
make[2]: Leaving directory '/home/joe/src/sleepybishop/emane/src/python'
make[2]: Entering directory '/home/joe/src/sleepybishop/emane/src'
make[2]: Nothing to be done for 'all-am'.
make[2]: Leaving directory '/home/joe/src/sleepybishop/emane/src'
make[1]: Leaving directory '/home/joe/src/sleepybishop/emane/src'
Making all in include/emane
make[1]: Entering directory '/home/joe/src/sleepybishop/emane/include/emane'
Making all in application
make[2]: Entering directory '/home/joe/src/sleepybishop/emane/include/emane/application'
make[2]: Nothing to be done for 'all'.
make[2]: Leaving directory '/home/joe/src/sleepybishop/emane/include/emane/application'
Making all in controls
make[2]: Entering directory '/home/joe/src/sleepybishop/emane/include/emane/controls'
make[2]: Nothing to be done for 'all'.
make[2]: Leaving directory '/home/joe/src/sleepybishop/emane/include/emane/controls'
Making all in events
make[2]: Entering directory '/home/joe/src/sleepybishop/emane/include/emane/events'
make[2]: Nothing to be done for 'all'.
make[2]: Leaving directory '/home/joe/src/sleepybishop/emane/include/emane/events'
Making all in generators
make[2]: Entering directory '/home/joe/src/sleepybishop/emane/include/emane/generators'
Making all in eel
make[3]: Entering directory '/home/joe/src/sleepybishop/emane/include/emane/generators/eel'
make[3]: Nothing to be done for 'all'.
make[3]: Leaving directory '/home/joe/src/sleepybishop/emane/include/emane/generators/eel'
make[3]: Entering directory '/home/joe/src/sleepybishop/emane/include/emane/generators'
make[3]: Nothing to be done for 'all-am'.
make[3]: Leaving directory '/home/joe/src/sleepybishop/emane/include/emane/generators'
make[2]: Leaving directory '/home/joe/src/sleepybishop/emane/include/emane/generators'
Making all in models
make[2]: Entering directory '/home/joe/src/sleepybishop/emane/include/emane/models'
Making all in tdma
make[3]: Entering directory '/home/joe/src/sleepybishop/emane/include/emane/models/tdma'
make[3]: Nothing to be done for 'all'.
make[3]: Leaving directory '/home/joe/src/sleepybishop/emane/include/emane/models/tdma'
make[3]: Entering directory '/home/joe/src/sleepybishop/emane/include/emane/models'
make[3]: Nothing to be done for 'all-am'.
make[3]: Leaving directory '/home/joe/src/sleepybishop/emane/include/emane/models'
make[2]: Leaving directory '/home/joe/src/sleepybishop/emane/include/emane/models'
Making all in utils
make[2]: Entering directory '/home/joe/src/sleepybishop/emane/include/emane/utils'
make[2]: Nothing to be done for 'all'.
make[2]: Leaving directory '/home/joe/src/sleepybishop/emane/include/emane/utils'
make[2]: Entering directory '/home/joe/src/sleepybishop/emane/include/emane'
make[2]: Nothing to be done for 'all-am'.
make[2]: Leaving directory '/home/joe/src/sleepybishop/emane/include/emane'
make[1]: Leaving directory '/home/joe/src/sleepybishop/emane/include/emane'
Making all in scripts
make[1]: Entering directory '/home/joe/src/sleepybishop/emane/scripts'
make[1]: Nothing to be done for 'all'.
make[1]: Leaving directory '/home/joe/src/sleepybishop/emane/scripts'
Making all in scripts/doc
make[1]: Entering directory '/home/joe/src/sleepybishop/emane/scripts/doc'
make[1]: Nothing to be done for 'all'.
make[1]: Leaving directory '/home/joe/src/sleepybishop/emane/scripts/doc'
Making all in dtd
make[1]: Entering directory '/home/joe/src/sleepybishop/emane/dtd'
make[1]: Nothing to be done for 'all'.
make[1]: Leaving directory '/home/joe/src/sleepybishop/emane/dtd'
Making all in doc
make[1]: Entering directory '/home/joe/src/sleepybishop/emane/doc'
make[1]: Nothing to be done for 'all'.
make[1]: Leaving directory '/home/joe/src/sleepybishop/emane/doc'
Making all in schema
make[1]: Entering directory '/home/joe/src/sleepybishop/emane/schema'
make[1]: Nothing to be done for 'all'.
make[1]: Leaving directory '/home/joe/src/sleepybishop/emane/schema'
Making all in test
make[1]: Entering directory '/home/joe/src/sleepybishop/emane/test'
Making all in harness
make[2]: Entering directory '/home/joe/src/sleepybishop/emane/test/harness'
Making all in filterscenario
make[3]: Entering directory '/home/joe/src/sleepybishop/emane/test/harness/filterscenario'
make[3]: Nothing to be done for 'all'.
make[3]: Leaving directory '/home/joe/src/sleepybishop/emane/test/harness/filterscenario'
Making all in gainscenario
make[3]: Entering directory '/home/joe/src/sleepybishop/emane/test/harness/gainscenario'
make[3]: Nothing to be done for 'all'.
make[3]: Leaving directory '/home/joe/src/sleepybishop/emane/test/harness/gainscenario'
Making all in noisescenario
make[3]: Entering directory '/home/joe/src/sleepybishop/emane/test/harness/noisescenario'
make[3]: Nothing to be done for 'all'.
make[3]: Leaving directory '/home/joe/src/sleepybishop/emane/test/harness/noisescenario'
Making all in phyupstreamscenario
make[3]: Entering directory '/home/joe/src/sleepybishop/emane/test/harness/phyupstreamscenario'
g++ -std=c++17 -DPACKAGE_NAME=\"emane\" -DPACKAGE_TARNAME=\"emane\" -DPACKAGE_VERSION=\"1.5.3\" -DPACKAGE_STRING=\"emane\ 1.5.3\" -DPACKAGE_BUGREPORT=\"emane\ at\ adjacent\ link\ dot\ com\" -DPACKAGE_URL=\"\" -DPACKAGE=\"emane\" -DVERSION=\"1.5.3\" -DHAVE_CXX17=1 -DHAVE_STDIO_H=1 -DHAVE_STDLIB_H=1 -DHAVE_STRING_H=1 -DHAVE_INTTYPES_H=1 -DHAVE_STDINT_H=1 -DHAVE_STRINGS_H=1 -DHAVE_SYS_STAT_H=1 -DHAVE_SYS_TYPES_H=1 -DHAVE_UNISTD_H=1 -DSTDC_HEADERS=1 -DHAVE_DLFCN_H=1 -DLT_OBJDIR=\".libs/\" -I.  -I../../../include -I../../../src/libemane  -I/usr/include/libxml2 -DWITH_GZFILEOP   -I/usr/include/uuid -DVERBOSE_LOGGING  -g -O3 -Wall -Wextra -MT phyupstreamscenario-main.o -MD -MP -MF .deps/phyupstreamscenario-main.Tpo -c -o phyupstreamscenario-main.o `test -f 'main.cc' || echo './'`main.cc
main.cc: In function 'int main(int, char**)':
main.cc:889:44: error: 'EMANE::StatisticService' has not been declared; did you mean 'EMANE::StatisticNumeric'?
  889 |                                     EMANE::StatisticService::instance()->queryTable(pPHYLayer->getBuildId(),
      |                                            ^~~~~~~~~~~~~~~~
main.cc:924:44: error: 'EMANE::StatisticService' has not been declared; did you mean 'EMANE::StatisticNumeric'?
  924 |                                     EMANE::StatisticService::instance()->queryTable(pPHYLayer->getBuildId(),
      |                                            ^~~~~~~~~~~~~~~~
make[3]: *** [Makefile:433: phyupstreamscenario-main.o] Error 1
make[3]: Leaving directory '/home/joe/src/sleepybishop/emane/test/harness/phyupstreamscenario'
make[2]: *** [Makefile:400: all-recursive] Error 1
make[2]: Leaving directory '/home/joe/src/sleepybishop/emane/test/harness'
make[1]: *** [Makefile:394: all-recursive] Error 1
make[1]: Leaving directory '/home/joe/src/sleepybishop/emane/test'
make: *** [Makefile:453: all-recursive] Error 1
