warning: virtual workspace defaulting to `resolver = "1"` despite one or more workspace members being on edition 2021 which implies `resolver = "2"`
  |
  = note: to keep the current resolver, specify `workspace.resolver = "1"` in the workspace root's manifest
  = note: to use the edition 2021 resolver, specify `workspace.resolver = "2"` in the workspace root's manifest
  = note: for more details see https://doc.rust-lang.org/cargo/reference/resolver.html#resolver-versions
warning: emane-core@0.1.0: src/bentpipe_stubs.c: In function 'emane_bentpipe_upstreampacket_get_src':
warning: emane-core@0.1.0: src/bentpipe_stubs.c:7:65: warning: unused parameter 'pkt' [-Wunused-parameter]
warning: emane-core@0.1.0:     7 | WEAK uint16_t emane_bentpipe_upstreampacket_get_src(const void* pkt) { return 0; }
warning: emane-core@0.1.0:       |                                                     ~~~~~~~~~~~~^~~
warning: emane-core@0.1.0: src/bentpipe_stubs.c: In function 'emane_bentpipe_upstreampacket_get_dst':
warning: emane-core@0.1.0: src/bentpipe_stubs.c:8:65: warning: unused parameter 'pkt' [-Wunused-parameter]
warning: emane-core@0.1.0:     8 | WEAK uint16_t emane_bentpipe_upstreampacket_get_dst(const void* pkt) { return 0; }
warning: emane-core@0.1.0:       |                                                     ~~~~~~~~~~~~^~~
warning: emane-core@0.1.0: src/bentpipe_stubs.c: In function 'emane_bentpipe_upstreampacket_get_priority':
warning: emane-core@0.1.0: src/bentpipe_stubs.c:9:69: warning: unused parameter 'pkt' [-Wunused-parameter]
warning: emane-core@0.1.0:     9 | WEAK uint8_t emane_bentpipe_upstreampacket_get_priority(const void* pkt) { return 0; }
warning: emane-core@0.1.0:       |                                                         ~~~~~~~~~~~~^~~
warning: emane-core@0.1.0: src/bentpipe_stubs.c: In function 'emane_bentpipe_upstreampacket_length':
warning: emane-core@0.1.0: src/bentpipe_stubs.c:10:62: warning: unused parameter 'pkt' [-Wunused-parameter]
warning: emane-core@0.1.0:    10 | WEAK size_t emane_bentpipe_upstreampacket_length(const void* pkt) { return 0; }
warning: emane-core@0.1.0:       |                                                  ~~~~~~~~~~~~^~~
warning: emane-core@0.1.0: src/bentpipe_stubs.c: In function 'emane_bentpipe_upstreampacket_stripLengthPrefixFraming':
warning: emane-core@0.1.0: src/bentpipe_stubs.c:11:74: warning: unused parameter 'pkt' [-Wunused-parameter]
warning: emane-core@0.1.0:    11 | WEAK size_t emane_bentpipe_upstreampacket_stripLengthPrefixFraming(void* pkt) { return 0; }
warning: emane-core@0.1.0:       |                                                                    ~~~~~~^~~
warning: emane-core@0.1.0: src/bentpipe_stubs.c: In function 'emane_bentpipe_upstreampacket_get':
warning: emane-core@0.1.0: src/bentpipe_stubs.c:12:64: warning: unused parameter 'pkt' [-Wunused-parameter]
warning: emane-core@0.1.0:    12 | WEAK const void* emane_bentpipe_upstreampacket_get(const void* pkt) { return NULL; }
warning: emane-core@0.1.0:       |                                                    ~~~~~~~~~~~~^~~
warning: emane-core@0.1.0: src/bentpipe_stubs.c: In function 'emane_bentpipe_downstreampacket_get_priority':
warning: emane-core@0.1.0: src/bentpipe_stubs.c:13:71: warning: unused parameter 'pkt' [-Wunused-parameter]
warning: emane-core@0.1.0:    13 | WEAK uint8_t emane_bentpipe_downstreampacket_get_priority(const void* pkt) { return 0; }
warning: emane-core@0.1.0:       |                                                           ~~~~~~~~~~~~^~~
warning: emane-core@0.1.0: src/bentpipe_stubs.c: In function 'emane_bentpipe_commonmacheader_get_registration_id':
warning: emane-core@0.1.0: src/bentpipe_stubs.c:14:78: warning: unused parameter 'hdr' [-Wunused-parameter]
warning: emane-core@0.1.0:    14 | WEAK uint16_t emane_bentpipe_commonmacheader_get_registration_id(const void* hdr) { return 0; }
warning: emane-core@0.1.0:       |                                                                  ~~~~~~~~~~~~^~~
warning: emane-core@0.1.0: src/bentpipe_stubs.c: In function 'emane_bentpipe_commonmacheader_get_sequence_number':
warning: emane-core@0.1.0: src/bentpipe_stubs.c:15:78: warning: unused parameter 'hdr' [-Wunused-parameter]
warning: emane-core@0.1.0:    15 | WEAK uint64_t emane_bentpipe_commonmacheader_get_sequence_number(const void* hdr) { return 0; }
warning: emane-core@0.1.0:       |                                                                  ~~~~~~~~~~~~^~~
warning: emane-core@0.1.0: src/bentpipe_stubs.c: In function 'emane_bentpipe_radiomodel_drop_registration_id':
warning: emane-core@0.1.0: src/bentpipe_stubs.c:16:64: warning: unused parameter 'radiomodel' [-Wunused-parameter]
warning: emane-core@0.1.0:    16 | WEAK void emane_bentpipe_radiomodel_drop_registration_id(void* radiomodel, uint16_t src, uint16_t dst, size_t length) {}
warning: emane-core@0.1.0:       |                                                          ~~~~~~^~~~~~~~~~
warning: emane-core@0.1.0: src/bentpipe_stubs.c:16:85: warning: unused parameter 'src' [-Wunused-parameter]
warning: emane-core@0.1.0:    16 | WEAK void emane_bentpipe_radiomodel_drop_registration_id(void* radiomodel, uint16_t src, uint16_t dst, size_t length) {}
warning: emane-core@0.1.0:       |                                                                            ~~~~~~~~~^~~
warning: emane-core@0.1.0: src/bentpipe_stubs.c:16:99: warning: unused parameter 'dst' [-Wunused-parameter]
warning: emane-core@0.1.0:    16 | WEAK void emane_bentpipe_radiomodel_drop_registration_id(void* radiomodel, uint16_t src, uint16_t dst, size_t length) {}
warning: emane-core@0.1.0:       |                                                                                          ~~~~~~~~~^~~
warning: emane-core@0.1.0: src/bentpipe_stubs.c:16:111: warning: unused parameter 'length' [-Wunused-parameter]
warning: emane-core@0.1.0:    16 | WEAK void emane_bentpipe_radiomodel_drop_registration_id(void* radiomodel, uint16_t src, uint16_t dst, size_t length) {}
warning: emane-core@0.1.0:       |                                                                                                        ~~~~~~~^~~~~~
warning: emane-core@0.1.0: src/bentpipe_stubs.c: In function 'emane_bentpipe_radiomodel_drop_rx_off':
warning: emane-core@0.1.0: src/bentpipe_stubs.c:17:55: warning: unused parameter 'radiomodel' [-Wunused-parameter]
warning: emane-core@0.1.0:    17 | WEAK void emane_bentpipe_radiomodel_drop_rx_off(void* radiomodel, uint16_t src, const void* pkt_data, size_t pkt_len) {}
warning: emane-core@0.1.0:       |                                                 ~~~~~~^~~~~~~~~~
warning: emane-core@0.1.0: src/bentpipe_stubs.c:17:76: warning: unused parameter 'src' [-Wunused-parameter]
warning: emane-core@0.1.0:    17 | WEAK void emane_bentpipe_radiomodel_drop_rx_off(void* radiomodel, uint16_t src, const void* pkt_data, size_t pkt_len) {}
warning: emane-core@0.1.0:       |                                                                   ~~~~~~~~~^~~
warning: emane-core@0.1.0: src/bentpipe_stubs.c:17:93: warning: unused parameter 'pkt_data' [-Wunused-parameter]
warning: emane-core@0.1.0:    17 | WEAK void emane_bentpipe_radiomodel_drop_rx_off(void* radiomodel, uint16_t src, const void* pkt_data, size_t pkt_len) {}
warning: emane-core@0.1.0:       |                                                                                 ~~~~~~~~~~~~^~~~~~~~
warning: emane-core@0.1.0: src/bentpipe_stubs.c:17:110: warning: unused parameter 'pkt_len' [-Wunused-parameter]
warning: emane-core@0.1.0:    17 | WEAK void emane_bentpipe_radiomodel_drop_rx_off(void* radiomodel, uint16_t src, const void* pkt_data, size_t pkt_len) {}
warning: emane-core@0.1.0:       |                                                                                                       ~~~~~~~^~~~~~~
warning: emane-core@0.1.0: src/bentpipe_stubs.c: In function 'emane_bentpipe_radiomodel_find_transponder':
warning: emane-core@0.1.0: src/bentpipe_stubs.c:18:63: warning: unused parameter 'radiomodel' [-Wunused-parameter]
warning: emane-core@0.1.0:    18 | WEAK int32_t emane_bentpipe_radiomodel_find_transponder(void* radiomodel, const void* msgs, uint16_t* out_antenna_index, uint64_t* out_freq_hz, uint64_t* out_span, uint64_t* out_start_of_reception) { return -1; }
warning: emane-core@0.1.0:       |                                                         ~~~~~~^~~~~~~~~~
warning: emane-core@0.1.0: src/bentpipe_stubs.c:18:87: warning: unused parameter 'msgs' [-Wunused-parameter]
warning: emane-core@0.1.0:    18 | WEAK int32_t emane_bentpipe_radiomodel_find_transponder(void* radiomodel, const void* msgs, uint16_t* out_antenna_index, uint64_t* out_freq_hz, uint64_t* out_span, uint64_t* out_start_of_reception) { return -1; }
warning: emane-core@0.1.0:       |                                                                           ~~~~~~~~~~~~^~~~
warning: emane-core@0.1.0: src/bentpipe_stubs.c:18:103: warning: unused parameter 'out_antenna_index' [-Wunused-parameter]
warning: emane-core@0.1.0:    18 | WEAK int32_t emane_bentpipe_radiomodel_find_transponder(void* radiomodel, const void* msgs, uint16_t* out_antenna_index, uint64_t* out_freq_hz, uint64_t* out_span, uint64_t* out_start_of_reception) { return -1; }
warning: emane-core@0.1.0:       |                                                                                             ~~~~~~~~~~^~~~~~~~~~~~~~~~~
warning: emane-core@0.1.0: src/bentpipe_stubs.c:18:132: warning: unused parameter 'out_freq_hz' [-Wunused-parameter]
warning: emane-core@0.1.0:    18 | WEAK int32_t emane_bentpipe_radiomodel_find_transponder(void* radiomodel, const void* msgs, uint16_t* out_antenna_index, uint64_t* out_freq_hz, uint64_t* out_span, uint64_t* out_start_of_reception) { return -1; }
warning: emane-core@0.1.0:       |                                                                                                                          ~~~~~~~~~~^~~~~~~~~~~
warning: emane-core@0.1.0: src/bentpipe_stubs.c:18:155: warning: unused parameter 'out_span' [-Wunused-parameter]
warning: emane-core@0.1.0:    18 | WEAK int32_t emane_bentpipe_radiomodel_find_transponder(void* radiomodel, const void* msgs, uint16_t* out_antenna_index, uint64_t* out_freq_hz, uint64_t* out_span, uint64_t* out_start_of_reception) { return -1; }
warning: emane-core@0.1.0:       |                                                                                                                                                 ~~~~~~~~~~^~~~~~~~
warning: emane-core@0.1.0: src/bentpipe_stubs.c:18:175: warning: unused parameter 'out_start_of_reception' [-Wunused-parameter]
warning: emane-core@0.1.0:    18 | WEAK int32_t emane_bentpipe_radiomodel_find_transponder(void* radiomodel, const void* msgs, uint16_t* out_antenna_index, uint64_t* out_freq_hz, uint64_t* out_span, uint64_t* out_start_of_reception) { return -1; }
warning: emane-core@0.1.0:       |                                                                                                                                                                     ~~~~~~~~~~^~~~~~~~~~~~~~~~~~~~~~
warning: emane-core@0.1.0: src/bentpipe_stubs.c: In function 'emane_bentpipe_radiomodel_enqueue_receive':
warning: emane-core@0.1.0: src/bentpipe_stubs.c:19:59: warning: unused parameter 'radiomodel' [-Wunused-parameter]
warning: emane-core@0.1.0:    19 | WEAK void emane_bentpipe_radiomodel_enqueue_receive(void* radiomodel, int32_t transponder_index, void* pkt, const void* msgs, uint64_t seq_num) {}
warning: emane-core@0.1.0:       |                                                     ~~~~~~^~~~~~~~~~
warning: emane-core@0.1.0: src/bentpipe_stubs.c:19:79: warning: unused parameter 'transponder_index' [-Wunused-parameter]
warning: emane-core@0.1.0:    19 | WEAK void emane_bentpipe_radiomodel_enqueue_receive(void* radiomodel, int32_t transponder_index, void* pkt, const void* msgs, uint64_t seq_num) {}
warning: emane-core@0.1.0:       |                                                                       ~~~~~~~~^~~~~~~~~~~~~~~~~
warning: emane-core@0.1.0: src/bentpipe_stubs.c:19:104: warning: unused parameter 'pkt' [-Wunused-parameter]
warning: emane-core@0.1.0:    19 | WEAK void emane_bentpipe_radiomodel_enqueue_receive(void* radiomodel, int32_t transponder_index, void* pkt, const void* msgs, uint64_t seq_num) {}
warning: emane-core@0.1.0:       |                                                                                                  ~~~~~~^~~
warning: emane-core@0.1.0: src/bentpipe_stubs.c:19:121: warning: unused parameter 'msgs' [-Wunused-parameter]
warning: emane-core@0.1.0:    19 | WEAK void emane_bentpipe_radiomodel_enqueue_receive(void* radiomodel, int32_t transponder_index, void* pkt, const void* msgs, uint64_t seq_num) {}
warning: emane-core@0.1.0:       |                                                                                                             ~~~~~~~~~~~~^~~~
warning: emane-core@0.1.0: src/bentpipe_stubs.c:19:136: warning: unused parameter 'seq_num' [-Wunused-parameter]
warning: emane-core@0.1.0:    19 | WEAK void emane_bentpipe_radiomodel_enqueue_receive(void* radiomodel, int32_t transponder_index, void* pkt, const void* msgs, uint64_t seq_num) {}
warning: emane-core@0.1.0:       |                                                                                                                               ~~~~~~~~~^~~~~~~
warning: emane-core@0.1.0: src/bentpipe_stubs.c: In function 'emane_bentpipe_radiomodel_get_tos_to_transponder':
warning: emane-core@0.1.0: src/bentpipe_stubs.c:20:69: warning: unused parameter 'radiomodel' [-Wunused-parameter]
warning: emane-core@0.1.0:    20 | WEAK int32_t emane_bentpipe_radiomodel_get_tos_to_transponder(void* radiomodel, uint8_t tos) { return -1; }
warning: emane-core@0.1.0:       |                                                               ~~~~~~^~~~~~~~~~
warning: emane-core@0.1.0: src/bentpipe_stubs.c:20:89: warning: unused parameter 'tos' [-Wunused-parameter]
warning: emane-core@0.1.0:    20 | WEAK int32_t emane_bentpipe_radiomodel_get_tos_to_transponder(void* radiomodel, uint8_t tos) { return -1; }
warning: emane-core@0.1.0:       |                                                                                 ~~~~~~~~^~~
warning: emane-core@0.1.0: src/bentpipe_stubs.c: In function 'emane_bentpipe_radiomodel_queue_manager_enqueue':
warning: emane-core@0.1.0: src/bentpipe_stubs.c:21:65: warning: unused parameter 'radiomodel' [-Wunused-parameter]
warning: emane-core@0.1.0:    21 | WEAK void emane_bentpipe_radiomodel_queue_manager_enqueue(void* radiomodel, int32_t transponder_index, void* pkt) {}
warning: emane-core@0.1.0:       |                                                           ~~~~~~^~~~~~~~~~
warning: emane-core@0.1.0: src/bentpipe_stubs.c:21:85: warning: unused parameter 'transponder_index' [-Wunused-parameter]
warning: emane-core@0.1.0:    21 | WEAK void emane_bentpipe_radiomodel_queue_manager_enqueue(void* radiomodel, int32_t transponder_index, void* pkt) {}
warning: emane-core@0.1.0:       |                                                                             ~~~~~~~~^~~~~~~~~~~~~~~~~
warning: emane-core@0.1.0: src/bentpipe_stubs.c:21:110: warning: unused parameter 'pkt' [-Wunused-parameter]
warning: emane-core@0.1.0:    21 | WEAK void emane_bentpipe_radiomodel_queue_manager_enqueue(void* radiomodel, int32_t transponder_index, void* pkt) {}
warning: emane-core@0.1.0:       |                                                                                                        ~~~~~~^~~
warning: emane-core@0.1.0: src/bentpipe_stubs.c: In function 'emane_bentpipe_radiomodel_process':
warning: emane-core@0.1.0: src/bentpipe_stubs.c:22:51: warning: unused parameter 'radiomodel' [-Wunused-parameter]
warning: emane-core@0.1.0:    22 | WEAK void emane_bentpipe_radiomodel_process(void* radiomodel) {}
warning: emane-core@0.1.0:       |                                             ~~~~~~^~~~~~~~~~
warning: emane-core@0.1.0: src/bentpipe_stubs.c: In function 'emane_bentpipe_receivemanager_cxx_now':
warning: emane-core@0.1.0: src/bentpipe_stubs.c:24:59: warning: unused parameter 'cpp_this' [-Wunused-parameter]
warning: emane-core@0.1.0:    24 | WEAK uint64_t emane_bentpipe_receivemanager_cxx_now(void* cpp_this) { return 0; }
warning: emane-core@0.1.0:       |                                                     ~~~~~~^~~~~~~~
warning: emane-core@0.1.0: src/bentpipe_stubs.c: In function 'emane_bentpipe_receivemanager_cxx_drop_lock':
warning: emane-core@0.1.0: src/bentpipe_stubs.c:25:61: warning: unused parameter 'cpp_this' [-Wunused-parameter]
warning: emane-core@0.1.0:    25 | WEAK void emane_bentpipe_receivemanager_cxx_drop_lock(void* cpp_this, void* pkt_info_ptr, void* msg_ptr) {}
warning: emane-core@0.1.0:       |                                                       ~~~~~~^~~~~~~~
warning: emane-core@0.1.0: src/bentpipe_stubs.c:25:77: warning: unused parameter 'pkt_info_ptr' [-Wunused-parameter]
warning: emane-core@0.1.0:    25 | WEAK void emane_bentpipe_receivemanager_cxx_drop_lock(void* cpp_this, void* pkt_info_ptr, void* msg_ptr) {}
warning: emane-core@0.1.0:       |                                                                       ~~~~~~^~~~~~~~~~~~
warning: emane-core@0.1.0: src/bentpipe_stubs.c:25:97: warning: unused parameter 'msg_ptr' [-Wunused-parameter]
warning: emane-core@0.1.0:    25 | WEAK void emane_bentpipe_receivemanager_cxx_drop_lock(void* cpp_this, void* pkt_info_ptr, void* msg_ptr) {}
warning: emane-core@0.1.0:       |                                                                                           ~~~~~~^~~~~~~
warning: emane-core@0.1.0: src/bentpipe_stubs.c: In function 'emane_bentpipe_receivemanager_cxx_drop_spectrum_service':
warning: emane-core@0.1.0: src/bentpipe_stubs.c:26:73: warning: unused parameter 'cpp_this' [-Wunused-parameter]
warning: emane-core@0.1.0:    26 | WEAK void emane_bentpipe_receivemanager_cxx_drop_spectrum_service(void* cpp_this, void* pkt_info_ptr, void* msg_ptr) {}
warning: emane-core@0.1.0:       |                                                                   ~~~~~~^~~~~~~~
warning: emane-core@0.1.0: src/bentpipe_stubs.c:26:89: warning: unused parameter 'pkt_info_ptr' [-Wunused-parameter]
warning: emane-core@0.1.0:    26 | WEAK void emane_bentpipe_receivemanager_cxx_drop_spectrum_service(void* cpp_this, void* pkt_info_ptr, void* msg_ptr) {}
warning: emane-core@0.1.0:       |                                                                                   ~~~~~~^~~~~~~~~~~~
warning: emane-core@0.1.0: src/bentpipe_stubs.c:26:109: warning: unused parameter 'msg_ptr' [-Wunused-parameter]
warning: emane-core@0.1.0:    26 | WEAK void emane_bentpipe_receivemanager_cxx_drop_spectrum_service(void* cpp_this, void* pkt_info_ptr, void* msg_ptr) {}
warning: emane-core@0.1.0:       |                                                                                                       ~~~~~~^~~~~~~
warning: emane-core@0.1.0: src/bentpipe_stubs.c: In function 'emane_bentpipe_receivemanager_cxx_drop_sinr':
warning: emane-core@0.1.0: src/bentpipe_stubs.c:27:61: warning: unused parameter 'cpp_this' [-Wunused-parameter]
warning: emane-core@0.1.0:    27 | WEAK void emane_bentpipe_receivemanager_cxx_drop_sinr(void* cpp_this, void* pkt_info_ptr, void* msg_ptr) {}
warning: emane-core@0.1.0:       |                                                       ~~~~~~^~~~~~~~
warning: emane-core@0.1.0: src/bentpipe_stubs.c:27:77: warning: unused parameter 'pkt_info_ptr' [-Wunused-parameter]
warning: emane-core@0.1.0:    27 | WEAK void emane_bentpipe_receivemanager_cxx_drop_sinr(void* cpp_this, void* pkt_info_ptr, void* msg_ptr) {}
warning: emane-core@0.1.0:       |                                                                       ~~~~~~^~~~~~~~~~~~
warning: emane-core@0.1.0: src/bentpipe_stubs.c:27:97: warning: unused parameter 'msg_ptr' [-Wunused-parameter]
warning: emane-core@0.1.0:    27 | WEAK void emane_bentpipe_receivemanager_cxx_drop_sinr(void* cpp_this, void* pkt_info_ptr, void* msg_ptr) {}
warning: emane-core@0.1.0:       |                                                                                           ~~~~~~^~~~~~~
warning: emane-core@0.1.0: src/bentpipe_stubs.c: In function 'emane_bentpipe_receivemanager_cxx_drop_bad_curve':
warning: emane-core@0.1.0: src/bentpipe_stubs.c:28:66: warning: unused parameter 'cpp_this' [-Wunused-parameter]
warning: emane-core@0.1.0:    28 | WEAK void emane_bentpipe_receivemanager_cxx_drop_bad_curve(void* cpp_this, void* pkt_info_ptr, void* msg_ptr) {}
warning: emane-core@0.1.0:       |                                                            ~~~~~~^~~~~~~~
warning: emane-core@0.1.0: src/bentpipe_stubs.c:28:82: warning: unused parameter 'pkt_info_ptr' [-Wunused-parameter]
warning: emane-core@0.1.0:    28 | WEAK void emane_bentpipe_receivemanager_cxx_drop_bad_curve(void* cpp_this, void* pkt_info_ptr, void* msg_ptr) {}
warning: emane-core@0.1.0:       |                                                                            ~~~~~~^~~~~~~~~~~~
warning: emane-core@0.1.0: src/bentpipe_stubs.c:28:102: warning: unused parameter 'msg_ptr' [-Wunused-parameter]
warning: emane-core@0.1.0:    28 | WEAK void emane_bentpipe_receivemanager_cxx_drop_bad_curve(void* cpp_this, void* pkt_info_ptr, void* msg_ptr) {}
warning: emane-core@0.1.0:       |                                                                                                ~~~~~~^~~~~~~
warning: emane-core@0.1.0: src/bentpipe_stubs.c: In function 'emane_bentpipe_receivemanager_cxx_publish_drop_destination_mac':
warning: emane-core@0.1.0: src/bentpipe_stubs.c:29:80: warning: unused parameter 'cpp_this' [-Wunused-parameter]
warning: emane-core@0.1.0:    29 | WEAK void emane_bentpipe_receivemanager_cxx_publish_drop_destination_mac(void* cpp_this, void* pkt_info_ptr, void* msg_ptr, size_t msg_index) {}
warning: emane-core@0.1.0:       |                                                                          ~~~~~~^~~~~~~~
warning: emane-core@0.1.0: src/bentpipe_stubs.c:29:96: warning: unused parameter 'pkt_info_ptr' [-Wunused-parameter]
warning: emane-core@0.1.0:    29 | WEAK void emane_bentpipe_receivemanager_cxx_publish_drop_destination_mac(void* cpp_this, void* pkt_info_ptr, void* msg_ptr, size_t msg_index) {}
warning: emane-core@0.1.0:       |                                                                                          ~~~~~~^~~~~~~~~~~~
warning: emane-core@0.1.0: src/bentpipe_stubs.c:29:116: warning: unused parameter 'msg_ptr' [-Wunused-parameter]
warning: emane-core@0.1.0:    29 | WEAK void emane_bentpipe_receivemanager_cxx_publish_drop_destination_mac(void* cpp_this, void* pkt_info_ptr, void* msg_ptr, size_t msg_index) {}
warning: emane-core@0.1.0:       |                                                                                                              ~~~~~~^~~~~~~
warning: emane-core@0.1.0: src/bentpipe_stubs.c:29:132: warning: unused parameter 'msg_index' [-Wunused-parameter]
warning: emane-core@0.1.0:    29 | WEAK void emane_bentpipe_receivemanager_cxx_publish_drop_destination_mac(void* cpp_this, void* pkt_info_ptr, void* msg_ptr, size_t msg_index) {}
warning: emane-core@0.1.0:       |                                                                                                                             ~~~~~~~^~~~~~~~~
warning: emane-core@0.1.0: src/bentpipe_stubs.c: In function 'emane_bentpipe_receivemanager_cxx_publish_accept_good':
warning: emane-core@0.1.0: src/bentpipe_stubs.c:30:71: warning: unused parameter 'cpp_this' [-Wunused-parameter]
warning: emane-core@0.1.0:    30 | WEAK void emane_bentpipe_receivemanager_cxx_publish_accept_good(void* cpp_this, void* pkt_info_ptr, void* msg_ptr, size_t msg_index) {}
warning: emane-core@0.1.0:       |                                                                 ~~~~~~^~~~~~~~
warning: emane-core@0.1.0: src/bentpipe_stubs.c:30:87: warning: unused parameter 'pkt_info_ptr' [-Wunused-parameter]
warning: emane-core@0.1.0:    30 | WEAK void emane_bentpipe_receivemanager_cxx_publish_accept_good(void* cpp_this, void* pkt_info_ptr, void* msg_ptr, size_t msg_index) {}
warning: emane-core@0.1.0:       |                                                                                 ~~~~~~^~~~~~~~~~~~
warning: emane-core@0.1.0: src/bentpipe_stubs.c:30:107: warning: unused parameter 'msg_ptr' [-Wunused-parameter]
warning: emane-core@0.1.0:    30 | WEAK void emane_bentpipe_receivemanager_cxx_publish_accept_good(void* cpp_this, void* pkt_info_ptr, void* msg_ptr, size_t msg_index) {}
warning: emane-core@0.1.0:       |                                                                                                     ~~~~~~^~~~~~~
warning: emane-core@0.1.0: src/bentpipe_stubs.c:30:123: warning: unused parameter 'msg_index' [-Wunused-parameter]
warning: emane-core@0.1.0:    30 | WEAK void emane_bentpipe_receivemanager_cxx_publish_accept_good(void* cpp_this, void* pkt_info_ptr, void* msg_ptr, size_t msg_index) {}
warning: emane-core@0.1.0:       |                                                                                                                    ~~~~~~~^~~~~~~~~
warning: emane-core@0.1.0: src/bentpipe_stubs.c: In function 'emane_bentpipe_receivemanager_cxx_publish_accept_good_len':
warning: emane-core@0.1.0: src/bentpipe_stubs.c:31:75: warning: unused parameter 'cpp_this' [-Wunused-parameter]
warning: emane-core@0.1.0:    31 | WEAK void emane_bentpipe_receivemanager_cxx_publish_accept_good_len(void* cpp_this, void* pkt_info_ptr, uint16_t dst, size_t length) {}
warning: emane-core@0.1.0:       |                                                                     ~~~~~~^~~~~~~~
warning: emane-core@0.1.0: src/bentpipe_stubs.c:31:91: warning: unused parameter 'pkt_info_ptr' [-Wunused-parameter]
warning: emane-core@0.1.0:    31 | WEAK void emane_bentpipe_receivemanager_cxx_publish_accept_good_len(void* cpp_this, void* pkt_info_ptr, uint16_t dst, size_t length) {}
warning: emane-core@0.1.0:       |                                                                                     ~~~~~~^~~~~~~~~~~~
warning: emane-core@0.1.0: src/bentpipe_stubs.c:31:114: warning: unused parameter 'dst' [-Wunused-parameter]
warning: emane-core@0.1.0:    31 | WEAK void emane_bentpipe_receivemanager_cxx_publish_accept_good_len(void* cpp_this, void* pkt_info_ptr, uint16_t dst, size_t length) {}
warning: emane-core@0.1.0:       |                                                                                                         ~~~~~~~~~^~~
warning: emane-core@0.1.0: src/bentpipe_stubs.c:31:126: warning: unused parameter 'length' [-Wunused-parameter]
warning: emane-core@0.1.0:    31 | WEAK void emane_bentpipe_receivemanager_cxx_publish_accept_good_len(void* cpp_this, void* pkt_info_ptr, uint16_t dst, size_t length) {}
warning: emane-core@0.1.0:       |                                                                                                                       ~~~~~~~^~~~~~
warning: emane-core@0.1.0: src/bentpipe_stubs.c: In function 'emane_bentpipe_receivemanager_cxx_check_spectrum':
warning: emane-core@0.1.0: src/bentpipe_stubs.c:32:65: warning: unused parameter 'cpp_this' [-Wunused-parameter]
warning: emane-core@0.1.0:    32 | WEAK int emane_bentpipe_receivemanager_cxx_check_spectrum(void* cpp_this, uint16_t rx_antenna_index, uint64_t freq_hz, uint64_t span, uint64_t sor, double rx_power_dbm, double* out_noise_floor, bool* out_signal_in_noise) { return 0; }
warning: emane-core@0.1.0:       |                                                           ~~~~~~^~~~~~~~
warning: emane-core@0.1.0: src/bentpipe_stubs.c:32:84: warning: unused parameter 'rx_antenna_index' [-Wunused-parameter]
warning: emane-core@0.1.0:    32 | WEAK int emane_bentpipe_receivemanager_cxx_check_spectrum(void* cpp_this, uint16_t rx_antenna_index, uint64_t freq_hz, uint64_t span, uint64_t sor, double rx_power_dbm, double* out_noise_floor, bool* out_signal_in_noise) { return 0; }
warning: emane-core@0.1.0:       |                                                                           ~~~~~~~~~^~~~~~~~~~~~~~~~
warning: emane-core@0.1.0: src/bentpipe_stubs.c:32:111: warning: unused parameter 'freq_hz' [-Wunused-parameter]
warning: emane-core@0.1.0:    32 | WEAK int emane_bentpipe_receivemanager_cxx_check_spectrum(void* cpp_this, uint16_t rx_antenna_index, uint64_t freq_hz, uint64_t span, uint64_t sor, double rx_power_dbm, double* out_noise_floor, bool* out_signal_in_noise) { return 0; }
warning: emane-core@0.1.0:       |                                                                                                      ~~~~~~~~~^~~~~~~
warning: emane-core@0.1.0: src/bentpipe_stubs.c:32:129: warning: unused parameter 'span' [-Wunused-parameter]
warning: emane-core@0.1.0:    32 | WEAK int emane_bentpipe_receivemanager_cxx_check_spectrum(void* cpp_this, uint16_t rx_antenna_index, uint64_t freq_hz, uint64_t span, uint64_t sor, double rx_power_dbm, double* out_noise_floor, bool* out_signal_in_noise) { return 0; }
warning: emane-core@0.1.0:       |                                                                                                                        ~~~~~~~~~^~~~
warning: emane-core@0.1.0: src/bentpipe_stubs.c:32:144: warning: unused parameter 'sor' [-Wunused-parameter]
warning: emane-core@0.1.0:    32 | WEAK int emane_bentpipe_receivemanager_cxx_check_spectrum(void* cpp_this, uint16_t rx_antenna_index, uint64_t freq_hz, uint64_t span, uint64_t sor, double rx_power_dbm, double* out_noise_floor, bool* out_signal_in_noise) { return 0; }
warning: emane-core@0.1.0:       |                                                                                                                                       ~~~~~~~~~^~~
warning: emane-core@0.1.0: src/bentpipe_stubs.c:32:156: warning: unused parameter 'rx_power_dbm' [-Wunused-parameter]
warning: emane-core@0.1.0:    32 | WEAK int emane_bentpipe_receivemanager_cxx_check_spectrum(void* cpp_this, uint16_t rx_antenna_index, uint64_t freq_hz, uint64_t span, uint64_t sor, double rx_power_dbm, double* out_noise_floor, bool* out_signal_in_noise) { return 0; }
warning: emane-core@0.1.0:       |                                                                                                                                                     ~~~~~~~^~~~~~~~~~~~
warning: emane-core@0.1.0: src/bentpipe_stubs.c:32:178: warning: unused parameter 'out_noise_floor' [-Wunused-parameter]
warning: emane-core@0.1.0:    32 | WEAK int emane_bentpipe_receivemanager_cxx_check_spectrum(void* cpp_this, uint16_t rx_antenna_index, uint64_t freq_hz, uint64_t span, uint64_t sor, double rx_power_dbm, double* out_noise_floor, bool* out_signal_in_noise) { return 0; }
warning: emane-core@0.1.0:       |                                                                                                                                                                          ~~~~~~~~^~~~~~~~~~~~~~~
warning: emane-core@0.1.0: src/bentpipe_stubs.c:32:201: warning: unused parameter 'out_signal_in_noise' [-Wunused-parameter]
warning: emane-core@0.1.0:    32 | WEAK int emane_bentpipe_receivemanager_cxx_check_spectrum(void* cpp_this, uint16_t rx_antenna_index, uint64_t freq_hz, uint64_t span, uint64_t sor, double rx_power_dbm, double* out_noise_floor, bool* out_signal_in_noise) { return 0; }
warning: emane-core@0.1.0:       |                                                                                                                                                                                                   ~~~~~~^~~~~~~~~~~~~~~~~~~
warning: emane-core@0.1.0: src/bentpipe_stubs.c: In function 'emane_bentpipe_receivemanager_cxx_get_por':
warning: emane-core@0.1.0: src/bentpipe_stubs.c:33:58: warning: unused parameter 'cpp_this' [-Wunused-parameter]
warning: emane-core@0.1.0:    33 | WEAK int emane_bentpipe_receivemanager_cxx_get_por(void* cpp_this, uint16_t pcr_curve_index, double sinr, size_t length, float* out_por) { return 0; }
warning: emane-core@0.1.0:       |                                                    ~~~~~~^~~~~~~~
warning: emane-core@0.1.0: src/bentpipe_stubs.c:33:77: warning: unused parameter 'pcr_curve_index' [-Wunused-parameter]
warning: emane-core@0.1.0:    33 | WEAK int emane_bentpipe_receivemanager_cxx_get_por(void* cpp_this, uint16_t pcr_curve_index, double sinr, size_t length, float* out_por) { return 0; }
warning: emane-core@0.1.0:       |                                                                    ~~~~~~~~~^~~~~~~~~~~~~~~
warning: emane-core@0.1.0: src/bentpipe_stubs.c:33:101: warning: unused parameter 'sinr' [-Wunused-parameter]
warning: emane-core@0.1.0:    33 | WEAK int emane_bentpipe_receivemanager_cxx_get_por(void* cpp_this, uint16_t pcr_curve_index, double sinr, size_t length, float* out_por) { return 0; }
warning: emane-core@0.1.0:       |                                                                                              ~~~~~~~^~~~
warning: emane-core@0.1.0: src/bentpipe_stubs.c:33:114: warning: unused parameter 'length' [-Wunused-parameter]
warning: emane-core@0.1.0:    33 | WEAK int emane_bentpipe_receivemanager_cxx_get_por(void* cpp_this, uint16_t pcr_curve_index, double sinr, size_t length, float* out_por) { return 0; }
warning: emane-core@0.1.0:       |                                                                                                           ~~~~~~~^~~~~~
warning: emane-core@0.1.0: src/bentpipe_stubs.c:33:129: warning: unused parameter 'out_por' [-Wunused-parameter]
warning: emane-core@0.1.0:    33 | WEAK int emane_bentpipe_receivemanager_cxx_get_por(void* cpp_this, uint16_t pcr_curve_index, double sinr, size_t length, float* out_por) { return 0; }
warning: emane-core@0.1.0:       |                                                                                                                          ~~~~~~~^~~~~~~
warning: emane-core@0.1.0: src/bentpipe_stubs.c: In function 'emane_bentpipe_receivemanager_cxx_get_random':
warning: emane-core@0.1.0: src/bentpipe_stubs.c:34:63: warning: unused parameter 'cpp_this' [-Wunused-parameter]
warning: emane-core@0.1.0:    34 | WEAK float emane_bentpipe_receivemanager_cxx_get_random(void* cpp_this) { return 0.0f; }
warning: emane-core@0.1.0:       |                                                         ~~~~~~^~~~~~~~
warning: emane-core@0.1.0: src/bentpipe_stubs.c: In function 'emane_bentpipe_receivemanager_cxx_update_neighbor_metrics':
warning: emane-core@0.1.0: src/bentpipe_stubs.c:35:75: warning: unused parameter 'cpp_this' [-Wunused-parameter]
warning: emane-core@0.1.0:    35 | WEAK void emane_bentpipe_receivemanager_cxx_update_neighbor_metrics(void* cpp_this, void* pkt_info_ptr, uint16_t transponder_index, double sinr, double noise_floor, uint64_t sor) {}
warning: emane-core@0.1.0:       |                                                                     ~~~~~~^~~~~~~~
warning: emane-core@0.1.0: src/bentpipe_stubs.c:35:91: warning: unused parameter 'pkt_info_ptr' [-Wunused-parameter]
warning: emane-core@0.1.0:    35 | WEAK void emane_bentpipe_receivemanager_cxx_update_neighbor_metrics(void* cpp_this, void* pkt_info_ptr, uint16_t transponder_index, double sinr, double noise_floor, uint64_t sor) {}
warning: emane-core@0.1.0:       |                                                                                     ~~~~~~^~~~~~~~~~~~
warning: emane-core@0.1.0: src/bentpipe_stubs.c:35:114: warning: unused parameter 'transponder_index' [-Wunused-parameter]
warning: emane-core@0.1.0:    35 | WEAK void emane_bentpipe_receivemanager_cxx_update_neighbor_metrics(void* cpp_this, void* pkt_info_ptr, uint16_t transponder_index, double sinr, double noise_floor, uint64_t sor) {}
warning: emane-core@0.1.0:       |                                                                                                         ~~~~~~~~~^~~~~~~~~~~~~~~~~
warning: emane-core@0.1.0: src/bentpipe_stubs.c:35:140: warning: unused parameter 'sinr' [-Wunused-parameter]
warning: emane-core@0.1.0:    35 | WEAK void emane_bentpipe_receivemanager_cxx_update_neighbor_metrics(void* cpp_this, void* pkt_info_ptr, uint16_t transponder_index, double sinr, double noise_floor, uint64_t sor) {}
warning: emane-core@0.1.0:       |                                                                                                                                     ~~~~~~~^~~~
warning: emane-core@0.1.0: src/bentpipe_stubs.c:35:153: warning: unused parameter 'noise_floor' [-Wunused-parameter]
warning: emane-core@0.1.0:    35 | WEAK void emane_bentpipe_receivemanager_cxx_update_neighbor_metrics(void* cpp_this, void* pkt_info_ptr, uint16_t transponder_index, double sinr, double noise_floor, uint64_t sor) {}
warning: emane-core@0.1.0:       |                                                                                                                                                  ~~~~~~~^~~~~~~~~~~
warning: emane-core@0.1.0: src/bentpipe_stubs.c:35:175: warning: unused parameter 'sor' [-Wunused-parameter]
warning: emane-core@0.1.0:    35 | WEAK void emane_bentpipe_receivemanager_cxx_update_neighbor_metrics(void* cpp_this, void* pkt_info_ptr, uint16_t transponder_index, double sinr, double noise_floor, uint64_t sor) {}
warning: emane-core@0.1.0:       |                                                                                                                                                                      ~~~~~~~~~^~~
warning: emane-core@0.1.0: src/bentpipe_stubs.c: In function 'emane_bentpipe_receivemanager_cxx_get_messages_count':
warning: emane-core@0.1.0: src/bentpipe_stubs.c:36:72: warning: unused parameter 'msg_ptr' [-Wunused-parameter]
warning: emane-core@0.1.0:    36 | WEAK size_t emane_bentpipe_receivemanager_cxx_get_messages_count(void* msg_ptr) { return 0; }
warning: emane-core@0.1.0:       |                                                                  ~~~~~~^~~~~~~
warning: emane-core@0.1.0: src/bentpipe_stubs.c: In function 'emane_bentpipe_receivemanager_cxx_msg_get_dst':
warning: emane-core@0.1.0: src/bentpipe_stubs.c:37:67: warning: unused parameter 'msg_ptr' [-Wunused-parameter]
warning: emane-core@0.1.0:    37 | WEAK uint16_t emane_bentpipe_receivemanager_cxx_msg_get_dst(void* msg_ptr, size_t index) { return 0; }
warning: emane-core@0.1.0:       |                                                             ~~~~~~^~~~~~~
warning: emane-core@0.1.0: src/bentpipe_stubs.c:37:83: warning: unused parameter 'index' [-Wunused-parameter]
warning: emane-core@0.1.0:    37 | WEAK uint16_t emane_bentpipe_receivemanager_cxx_msg_get_dst(void* msg_ptr, size_t index) { return 0; }
warning: emane-core@0.1.0:       |                                                                            ~~~~~~~^~~~~
warning: emane-core@0.1.0: src/bentpipe_stubs.c: In function 'emane_bentpipe_receivemanager_cxx_msg_is_fragment':
warning: emane-core@0.1.0: src/bentpipe_stubs.c:38:67: warning: unused parameter 'msg_ptr' [-Wunused-parameter]
warning: emane-core@0.1.0:    38 | WEAK bool emane_bentpipe_receivemanager_cxx_msg_is_fragment(void* msg_ptr, size_t index) { return false; }
warning: emane-core@0.1.0:       |                                                             ~~~~~~^~~~~~~
warning: emane-core@0.1.0: src/bentpipe_stubs.c:38:83: warning: unused parameter 'index' [-Wunused-parameter]
warning: emane-core@0.1.0:    38 | WEAK bool emane_bentpipe_receivemanager_cxx_msg_is_fragment(void* msg_ptr, size_t index) { return false; }
warning: emane-core@0.1.0:       |                                                                            ~~~~~~~^~~~~
warning: emane-core@0.1.0: src/bentpipe_stubs.c: In function 'emane_bentpipe_receivemanager_cxx_msg_get_fragment_index':
warning: emane-core@0.1.0: src/bentpipe_stubs.c:39:76: warning: unused parameter 'msg_ptr' [-Wunused-parameter]
warning: emane-core@0.1.0:    39 | WEAK size_t emane_bentpipe_receivemanager_cxx_msg_get_fragment_index(void* msg_ptr, size_t index) { return 0; }
warning: emane-core@0.1.0:       |                                                                      ~~~~~~^~~~~~~
warning: emane-core@0.1.0: src/bentpipe_stubs.c:39:92: warning: unused parameter 'index' [-Wunused-parameter]
warning: emane-core@0.1.0:    39 | WEAK size_t emane_bentpipe_receivemanager_cxx_msg_get_fragment_index(void* msg_ptr, size_t index) { return 0; }
warning: emane-core@0.1.0:       |                                                                                     ~~~~~~~^~~~~
warning: emane-core@0.1.0: src/bentpipe_stubs.c: In function 'emane_bentpipe_receivemanager_cxx_msg_get_fragment_offset':
warning: emane-core@0.1.0: src/bentpipe_stubs.c:40:77: warning: unused parameter 'msg_ptr' [-Wunused-parameter]
warning: emane-core@0.1.0:    40 | WEAK size_t emane_bentpipe_receivemanager_cxx_msg_get_fragment_offset(void* msg_ptr, size_t index) { return 0; }
warning: emane-core@0.1.0:       |                                                                       ~~~~~~^~~~~~~
warning: emane-core@0.1.0: src/bentpipe_stubs.c:40:93: warning: unused parameter 'index' [-Wunused-parameter]
warning: emane-core@0.1.0:    40 | WEAK size_t emane_bentpipe_receivemanager_cxx_msg_get_fragment_offset(void* msg_ptr, size_t index) { return 0; }
warning: emane-core@0.1.0:       |                                                                                      ~~~~~~~^~~~~
warning: emane-core@0.1.0: src/bentpipe_stubs.c: In function 'emane_bentpipe_receivemanager_cxx_msg_get_fragment_sequence':
warning: emane-core@0.1.0: src/bentpipe_stubs.c:41:81: warning: unused parameter 'msg_ptr' [-Wunused-parameter]
warning: emane-core@0.1.0:    41 | WEAK uint64_t emane_bentpipe_receivemanager_cxx_msg_get_fragment_sequence(void* msg_ptr, size_t index) { return 0; }
warning: emane-core@0.1.0:       |                                                                           ~~~~~~^~~~~~~
warning: emane-core@0.1.0: src/bentpipe_stubs.c:41:97: warning: unused parameter 'index' [-Wunused-parameter]
warning: emane-core@0.1.0:    41 | WEAK uint64_t emane_bentpipe_receivemanager_cxx_msg_get_fragment_sequence(void* msg_ptr, size_t index) { return 0; }
warning: emane-core@0.1.0:       |                                                                                          ~~~~~~~^~~~~
warning: emane-core@0.1.0: src/bentpipe_stubs.c: In function 'emane_bentpipe_receivemanager_cxx_msg_is_more_fragments':
warning: emane-core@0.1.0: src/bentpipe_stubs.c:42:73: warning: unused parameter 'msg_ptr' [-Wunused-parameter]
warning: emane-core@0.1.0:    42 | WEAK bool emane_bentpipe_receivemanager_cxx_msg_is_more_fragments(void* msg_ptr, size_t index) { return false; }
warning: emane-core@0.1.0:       |                                                                   ~~~~~~^~~~~~~
warning: emane-core@0.1.0: src/bentpipe_stubs.c:42:89: warning: unused parameter 'index' [-Wunused-parameter]
warning: emane-core@0.1.0:    42 | WEAK bool emane_bentpipe_receivemanager_cxx_msg_is_more_fragments(void* msg_ptr, size_t index) { return false; }
warning: emane-core@0.1.0:       |                                                                                  ~~~~~~~^~~~~
warning: emane-core@0.1.0: src/bentpipe_stubs.c: In function 'emane_bentpipe_receivemanager_cxx_msg_get_data':
warning: emane-core@0.1.0: src/bentpipe_stubs.c:43:74: warning: unused parameter 'msg_ptr' [-Wunused-parameter]
warning: emane-core@0.1.0:    43 | WEAK const uint8_t* emane_bentpipe_receivemanager_cxx_msg_get_data(void* msg_ptr, size_t index, size_t* out_len) { *out_len = 0; return NULL; }
warning: emane-core@0.1.0:       |                                                                    ~~~~~~^~~~~~~
warning: emane-core@0.1.0: src/bentpipe_stubs.c:43:90: warning: unused parameter 'index' [-Wunused-parameter]
warning: emane-core@0.1.0:    43 | WEAK const uint8_t* emane_bentpipe_receivemanager_cxx_msg_get_data(void* msg_ptr, size_t index, size_t* out_len) { *out_len = 0; return NULL; }
warning: emane-core@0.1.0:       |                                                                                   ~~~~~~~^~~~~
warning: emane-core@0.1.0: src/bentpipe_stubs.c: In function 'emane_bentpipe_receivemanager_cxx_pktinfo_get_src':
warning: emane-core@0.1.0: src/bentpipe_stubs.c:44:71: warning: unused parameter 'pkt_info_ptr' [-Wunused-parameter]
warning: emane-core@0.1.0:    44 | WEAK uint16_t emane_bentpipe_receivemanager_cxx_pktinfo_get_src(void* pkt_info_ptr) { return 0; }
warning: emane-core@0.1.0:       |                                                                 ~~~~~~^~~~~~~~~~~~
warning: emane-core@0.1.0: src/bentpipe_stubs.c: In function 'emane_bentpipe_receivemanager_cxx_pktinfo_get_dst':
warning: emane-core@0.1.0: src/bentpipe_stubs.c:45:71: warning: unused parameter 'pkt_info_ptr' [-Wunused-parameter]
warning: emane-core@0.1.0:    45 | WEAK uint16_t emane_bentpipe_receivemanager_cxx_pktinfo_get_dst(void* pkt_info_ptr) { return 0; }
warning: emane-core@0.1.0:       |                                                                 ~~~~~~^~~~~~~~~~~~
warning: emane-core@0.1.0: src/bentpipe_stubs.c: In function 'emane_bentpipe_receivemanager_cxx_pktinfo_get_priority':
warning: emane-core@0.1.0: src/bentpipe_stubs.c:46:75: warning: unused parameter 'pkt_info_ptr' [-Wunused-parameter]
warning: emane-core@0.1.0:    46 | WEAK uint8_t emane_bentpipe_receivemanager_cxx_pktinfo_get_priority(void* pkt_info_ptr) { return 0; }
warning: emane-core@0.1.0:       |                                                                     ~~~~~~^~~~~~~~~~~~
warning: emane-core@0.1.0: src/bentpipe_stubs.c: In function 'emane_bentpipe_receivemanager_cxx_pktinfo_get_creation_time':
warning: emane-core@0.1.0: src/bentpipe_stubs.c:47:81: warning: unused parameter 'pkt_info_ptr' [-Wunused-parameter]
warning: emane-core@0.1.0:    47 | WEAK uint64_t emane_bentpipe_receivemanager_cxx_pktinfo_get_creation_time(void* pkt_info_ptr) { return 0; }
warning: emane-core@0.1.0:       |                                                                           ~~~~~~^~~~~~~~~~~~
warning: emane-core@0.1.0: src/bentpipe_stubs.c: In function 'emane_bentpipe_receivemanager_cxx_pktinfo_get_uuid':
warning: emane-core@0.1.0: src/bentpipe_stubs.c:48:72: warning: unused parameter 'pkt_info_ptr' [-Wunused-parameter]
warning: emane-core@0.1.0:    48 | WEAK uint64_t emane_bentpipe_receivemanager_cxx_pktinfo_get_uuid(void* pkt_info_ptr) { return 0; }
warning: emane-core@0.1.0:       |                                                                  ~~~~~~^~~~~~~~~~~~
warning: emane-core@0.1.0: src/bentpipe_stubs.c: In function 'emane_bentpipe_receivemanager_cxx_bpm_get_pcr_curve_index':
warning: emane-core@0.1.0: src/bentpipe_stubs.c:49:79: warning: unused parameter 'msg_ptr' [-Wunused-parameter]
warning: emane-core@0.1.0:    49 | WEAK uint16_t emane_bentpipe_receivemanager_cxx_bpm_get_pcr_curve_index(void* msg_ptr) { return 0; }
warning: emane-core@0.1.0:       |                                                                         ~~~~~~^~~~~~~
warning: emane-core@0.1.0: src/bentpipe_stubs.c: In function 'emane_bentpipe_receivemanager_cxx_freq_get_frequency_hz':
warning: emane-core@0.1.0: src/bentpipe_stubs.c:50:77: warning: unused parameter 'freq_ptr' [-Wunused-parameter]
warning: emane-core@0.1.0:    50 | WEAK uint64_t emane_bentpipe_receivemanager_cxx_freq_get_frequency_hz(void* freq_ptr) { return 0; }
warning: emane-core@0.1.0:       |                                                                       ~~~~~~^~~~~~~~
warning: emane-core@0.1.0: src/bentpipe_stubs.c: In function 'emane_bentpipe_receivemanager_cxx_freq_get_rx_power_dbm':
warning: emane-core@0.1.0: src/bentpipe_stubs.c:51:75: warning: unused parameter 'freq_ptr' [-Wunused-parameter]
warning: emane-core@0.1.0:    51 | WEAK double emane_bentpipe_receivemanager_cxx_freq_get_rx_power_dbm(void* freq_ptr) { return 0.0; }
warning: emane-core@0.1.0:       |                                                                     ~~~~~~^~~~~~~~
warning: emane-core@0.1.0: src/bentpipe_stubs.c: In function 'emane_bentpipe_receivemanager_cxx_forward_upstream':
warning: emane-core@0.1.0: src/bentpipe_stubs.c:52:68: warning: unused parameter 'cpp_this' [-Wunused-parameter]
warning: emane-core@0.1.0:    52 | WEAK void emane_bentpipe_receivemanager_cxx_forward_upstream(void* cpp_this, void* pkt_info_ptr, uint16_t dst, const uint8_t* data, size_t len) {}
warning: emane-core@0.1.0:       |                                                              ~~~~~~^~~~~~~~
warning: emane-core@0.1.0: src/bentpipe_stubs.c:52:84: warning: unused parameter 'pkt_info_ptr' [-Wunused-parameter]
warning: emane-core@0.1.0:    52 | WEAK void emane_bentpipe_receivemanager_cxx_forward_upstream(void* cpp_this, void* pkt_info_ptr, uint16_t dst, const uint8_t* data, size_t len) {}
warning: emane-core@0.1.0:       |                                                                              ~~~~~~^~~~~~~~~~~~
warning: emane-core@0.1.0: src/bentpipe_stubs.c:52:107: warning: unused parameter 'dst' [-Wunused-parameter]
warning: emane-core@0.1.0:    52 | WEAK void emane_bentpipe_receivemanager_cxx_forward_upstream(void* cpp_this, void* pkt_info_ptr, uint16_t dst, const uint8_t* data, size_t len) {}
warning: emane-core@0.1.0:       |                                                                                                  ~~~~~~~~~^~~
warning: emane-core@0.1.0: src/bentpipe_stubs.c:52:127: warning: unused parameter 'data' [-Wunused-parameter]
warning: emane-core@0.1.0:    52 | WEAK void emane_bentpipe_receivemanager_cxx_forward_upstream(void* cpp_this, void* pkt_info_ptr, uint16_t dst, const uint8_t* data, size_t len) {}
warning: emane-core@0.1.0:       |                                                                                                                ~~~~~~~~~~~~~~~^~~~
warning: emane-core@0.1.0: src/bentpipe_stubs.c:52:140: warning: unused parameter 'len' [-Wunused-parameter]
warning: emane-core@0.1.0:    52 | WEAK void emane_bentpipe_receivemanager_cxx_forward_upstream(void* cpp_this, void* pkt_info_ptr, uint16_t dst, const uint8_t* data, size_t len) {}
warning: emane-core@0.1.0:       |                                                                                                                                     ~~~~~~~^~~
warning: emane-core@0.1.0: src/bentpipe_stubs.c: In function 'emane_bentpipe_receivemanager_cxx_bend_downstream':
warning: emane-core@0.1.0: src/bentpipe_stubs.c:53:67: warning: unused parameter 'cpp_this' [-Wunused-parameter]
warning: emane-core@0.1.0:    53 | WEAK void emane_bentpipe_receivemanager_cxx_bend_downstream(void* cpp_this, void* pkt_info_ptr, uint16_t dst, const uint8_t* data, size_t len) {}
warning: emane-core@0.1.0:       |                                                             ~~~~~~^~~~~~~~
warning: emane-core@0.1.0: src/bentpipe_stubs.c:53:83: warning: unused parameter 'pkt_info_ptr' [-Wunused-parameter]
warning: emane-core@0.1.0:    53 | WEAK void emane_bentpipe_receivemanager_cxx_bend_downstream(void* cpp_this, void* pkt_info_ptr, uint16_t dst, const uint8_t* data, size_t len) {}
warning: emane-core@0.1.0:       |                                                                             ~~~~~~^~~~~~~~~~~~
warning: emane-core@0.1.0: src/bentpipe_stubs.c:53:106: warning: unused parameter 'dst' [-Wunused-parameter]
warning: emane-core@0.1.0:    53 | WEAK void emane_bentpipe_receivemanager_cxx_bend_downstream(void* cpp_this, void* pkt_info_ptr, uint16_t dst, const uint8_t* data, size_t len) {}
warning: emane-core@0.1.0:       |                                                                                                 ~~~~~~~~~^~~
warning: emane-core@0.1.0: src/bentpipe_stubs.c:53:126: warning: unused parameter 'data' [-Wunused-parameter]
warning: emane-core@0.1.0:    53 | WEAK void emane_bentpipe_receivemanager_cxx_bend_downstream(void* cpp_this, void* pkt_info_ptr, uint16_t dst, const uint8_t* data, size_t len) {}
warning: emane-core@0.1.0:       |                                                                                                               ~~~~~~~~~~~~~~~^~~~
warning: emane-core@0.1.0: src/bentpipe_stubs.c:53:139: warning: unused parameter 'len' [-Wunused-parameter]
warning: emane-core@0.1.0:    53 | WEAK void emane_bentpipe_receivemanager_cxx_bend_downstream(void* cpp_this, void* pkt_info_ptr, uint16_t dst, const uint8_t* data, size_t len) {}
warning: emane-core@0.1.0:       |                                                                                                                                    ~~~~~~~^~~
warning: emane-core@0.1.0: src/bentpipe_stubs.c: In function 'emane_bentpipe_receivemanager_cxx_forward_upstream_parts':
warning: emane-core@0.1.0: src/bentpipe_stubs.c:54:74: warning: unused parameter 'cpp_this' [-Wunused-parameter]
warning: emane-core@0.1.0:    54 | WEAK void emane_bentpipe_receivemanager_cxx_forward_upstream_parts(void* cpp_this, void* pkt_info_ptr, uint16_t dst, const uint8_t** data_ptrs, const size_t* data_lens, size_t num_parts) {}
warning: emane-core@0.1.0:       |                                                                    ~~~~~~^~~~~~~~
warning: emane-core@0.1.0: src/bentpipe_stubs.c:54:90: warning: unused parameter 'pkt_info_ptr' [-Wunused-parameter]
warning: emane-core@0.1.0:    54 | WEAK void emane_bentpipe_receivemanager_cxx_forward_upstream_parts(void* cpp_this, void* pkt_info_ptr, uint16_t dst, const uint8_t** data_ptrs, const size_t* data_lens, size_t num_parts) {}
warning: emane-core@0.1.0:       |                                                                                    ~~~~~~^~~~~~~~~~~~
warning: emane-core@0.1.0: src/bentpipe_stubs.c:54:113: warning: unused parameter 'dst' [-Wunused-parameter]
warning: emane-core@0.1.0:    54 | WEAK void emane_bentpipe_receivemanager_cxx_forward_upstream_parts(void* cpp_this, void* pkt_info_ptr, uint16_t dst, const uint8_t** data_ptrs, const size_t* data_lens, size_t num_parts) {}
warning: emane-core@0.1.0:       |                                                                                                        ~~~~~~~~~^~~
warning: emane-core@0.1.0: src/bentpipe_stubs.c:54:134: warning: unused parameter 'data_ptrs' [-Wunused-parameter]
warning: emane-core@0.1.0:    54 | WEAK void emane_bentpipe_receivemanager_cxx_forward_upstream_parts(void* cpp_this, void* pkt_info_ptr, uint16_t dst, const uint8_t** data_ptrs, const size_t* data_lens, size_t num_parts) {}
warning: emane-core@0.1.0:       |                                                                                                                      ~~~~~~~~~~~~~~~~^~~~~~~~~
warning: emane-core@0.1.0: src/bentpipe_stubs.c:54:159: warning: unused parameter 'data_lens' [-Wunused-parameter]
warning: emane-core@0.1.0:    54 | WEAK void emane_bentpipe_receivemanager_cxx_forward_upstream_parts(void* cpp_this, void* pkt_info_ptr, uint16_t dst, const uint8_t** data_ptrs, const size_t* data_lens, size_t num_parts) {}
warning: emane-core@0.1.0:       |                                                                                                                                                 ~~~~~~~~~~~~~~^~~~~~~~~
warning: emane-core@0.1.0: src/bentpipe_stubs.c:54:177: warning: unused parameter 'num_parts' [-Wunused-parameter]
warning: emane-core@0.1.0:    54 | WEAK void emane_bentpipe_receivemanager_cxx_forward_upstream_parts(void* cpp_this, void* pkt_info_ptr, uint16_t dst, const uint8_t** data_ptrs, const size_t* data_lens, size_t num_parts) {}
warning: emane-core@0.1.0:       |                                                                                                                                                                          ~~~~~~~^~~~~~~~~
warning: emane-core@0.1.0: src/bentpipe_stubs.c: In function 'emane_bentpipe_receivemanager_cxx_bend_downstream_parts':
warning: emane-core@0.1.0: src/bentpipe_stubs.c:55:73: warning: unused parameter 'cpp_this' [-Wunused-parameter]
warning: emane-core@0.1.0:    55 | WEAK void emane_bentpipe_receivemanager_cxx_bend_downstream_parts(void* cpp_this, void* pkt_info_ptr, uint16_t dst, const uint8_t** data_ptrs, const size_t* data_lens, size_t num_parts) {}
warning: emane-core@0.1.0:       |                                                                   ~~~~~~^~~~~~~~
warning: emane-core@0.1.0: src/bentpipe_stubs.c:55:89: warning: unused parameter 'pkt_info_ptr' [-Wunused-parameter]
warning: emane-core@0.1.0:    55 | WEAK void emane_bentpipe_receivemanager_cxx_bend_downstream_parts(void* cpp_this, void* pkt_info_ptr, uint16_t dst, const uint8_t** data_ptrs, const size_t* data_lens, size_t num_parts) {}
warning: emane-core@0.1.0:       |                                                                                   ~~~~~~^~~~~~~~~~~~
warning: emane-core@0.1.0: src/bentpipe_stubs.c:55:112: warning: unused parameter 'dst' [-Wunused-parameter]
warning: emane-core@0.1.0:    55 | WEAK void emane_bentpipe_receivemanager_cxx_bend_downstream_parts(void* cpp_this, void* pkt_info_ptr, uint16_t dst, const uint8_t** data_ptrs, const size_t* data_lens, size_t num_parts) {}
warning: emane-core@0.1.0:       |                                                                                                       ~~~~~~~~~^~~
warning: emane-core@0.1.0: src/bentpipe_stubs.c:55:133: warning: unused parameter 'data_ptrs' [-Wunused-parameter]
warning: emane-core@0.1.0:    55 | WEAK void emane_bentpipe_receivemanager_cxx_bend_downstream_parts(void* cpp_this, void* pkt_info_ptr, uint16_t dst, const uint8_t** data_ptrs, const size_t* data_lens, size_t num_parts) {}
warning: emane-core@0.1.0:       |                                                                                                                     ~~~~~~~~~~~~~~~~^~~~~~~~~
warning: emane-core@0.1.0: src/bentpipe_stubs.c:55:158: warning: unused parameter 'data_lens' [-Wunused-parameter]
warning: emane-core@0.1.0:    55 | WEAK void emane_bentpipe_receivemanager_cxx_bend_downstream_parts(void* cpp_this, void* pkt_info_ptr, uint16_t dst, const uint8_t** data_ptrs, const size_t* data_lens, size_t num_parts) {}
warning: emane-core@0.1.0:       |                                                                                                                                                ~~~~~~~~~~~~~~^~~~~~~~~
warning: emane-core@0.1.0: src/bentpipe_stubs.c:55:176: warning: unused parameter 'num_parts' [-Wunused-parameter]
warning: emane-core@0.1.0:    55 | WEAK void emane_bentpipe_receivemanager_cxx_bend_downstream_parts(void* cpp_this, void* pkt_info_ptr, uint16_t dst, const uint8_t** data_ptrs, const size_t* data_lens, size_t num_parts) {}
warning: emane-core@0.1.0:       |                                                                                                                                                                         ~~~~~~~^~~~~~~~~
warning: emane-core@0.1.0: src/bentpipe_stubs.c: In function 'emane_bentpipe_receivemanager_cxx_schedule_process':
warning: emane-core@0.1.0: src/bentpipe_stubs.c:56:68: warning: unused parameter 'cpp_this' [-Wunused-parameter]
warning: emane-core@0.1.0:    56 | WEAK void emane_bentpipe_receivemanager_cxx_schedule_process(void* cpp_this, uint64_t eor) {}
warning: emane-core@0.1.0:       |                                                              ~~~~~~^~~~~~~~
warning: emane-core@0.1.0: src/bentpipe_stubs.c:56:87: warning: unused parameter 'eor' [-Wunused-parameter]
warning: emane-core@0.1.0:    56 | WEAK void emane_bentpipe_receivemanager_cxx_schedule_process(void* cpp_this, uint64_t eor) {}
warning: emane-core@0.1.0:       |                                                                              ~~~~~~~~~^~~
warning: emane-core@0.1.0: src/bentpipe_stubs.c: In function 'emane_bentpipe_receivemanager_cxx_drop_miss_fragment':
warning: emane-core@0.1.0: src/bentpipe_stubs.c:57:70: warning: unused parameter 'cpp_this' [-Wunused-parameter]
warning: emane-core@0.1.0:    57 | WEAK void emane_bentpipe_receivemanager_cxx_drop_miss_fragment(void* cpp_this, uint16_t src, uint16_t dst, size_t total_bytes) {}
warning: emane-core@0.1.0:       |                                                                ~~~~~~^~~~~~~~
warning: emane-core@0.1.0: src/bentpipe_stubs.c:57:89: warning: unused parameter 'src' [-Wunused-parameter]
warning: emane-core@0.1.0:    57 | WEAK void emane_bentpipe_receivemanager_cxx_drop_miss_fragment(void* cpp_this, uint16_t src, uint16_t dst, size_t total_bytes) {}
warning: emane-core@0.1.0:       |                                                                                ~~~~~~~~~^~~
warning: emane-core@0.1.0: src/bentpipe_stubs.c:57:103: warning: unused parameter 'dst' [-Wunused-parameter]
warning: emane-core@0.1.0:    57 | WEAK void emane_bentpipe_receivemanager_cxx_drop_miss_fragment(void* cpp_this, uint16_t src, uint16_t dst, size_t total_bytes) {}
warning: emane-core@0.1.0:       |                                                                                              ~~~~~~~~~^~~
warning: emane-core@0.1.0: src/bentpipe_stubs.c:57:115: warning: unused parameter 'total_bytes' [-Wunused-parameter]
warning: emane-core@0.1.0:    57 | WEAK void emane_bentpipe_receivemanager_cxx_drop_miss_fragment(void* cpp_this, uint16_t src, uint16_t dst, size_t total_bytes) {}
warning: emane-core@0.1.0:       |                                                                                                            ~~~~~~~^~~~~~~~~~~
warning: emane-core@0.1.0: src/bentpipe_stubs.c: In function 'emane_bentpipe_receivemanager_cxx_delete_msg':
warning: emane-core@0.1.0: src/bentpipe_stubs.c:58:62: warning: unused parameter 'ptr' [-Wunused-parameter]
warning: emane-core@0.1.0:    58 | WEAK void emane_bentpipe_receivemanager_cxx_delete_msg(void* ptr) {}
warning: emane-core@0.1.0:       |                                                        ~~~~~~^~~
warning: emane-core@0.1.0: src/bentpipe_stubs.c: In function 'emane_bentpipe_receivemanager_cxx_delete_pkt_info':
warning: emane-core@0.1.0: src/bentpipe_stubs.c:59:67: warning: unused parameter 'ptr' [-Wunused-parameter]
warning: emane-core@0.1.0:    59 | WEAK void emane_bentpipe_receivemanager_cxx_delete_pkt_info(void* ptr) {}
warning: emane-core@0.1.0:       |                                                             ~~~~~~^~~
warning: emane-core@0.1.0: src/bentpipe_stubs.c: In function 'emane_bentpipe_receivemanager_cxx_delete_freq_segments':
warning: emane-core@0.1.0: src/bentpipe_stubs.c:60:72: warning: unused parameter 'ptr' [-Wunused-parameter]
warning: emane-core@0.1.0:    60 | WEAK void emane_bentpipe_receivemanager_cxx_delete_freq_segments(void* ptr) {}
warning: emane-core@0.1.0:       |                                                                  ~~~~~~^~~
warning: unnecessary `unsafe` block
   --> emane-core/src/configuration_service.rs:225:21
    |
225 | ...   regex_ptr = unsafe { emane_rs_regex_compile(s_regex, regex_err.as...
    |                   ^^^^^^ unnecessary `unsafe` block
    |
    = note: `#[warn(unused_unsafe)]` (part of `#[warn(unused)]`) on by default

warning: unnecessary `unsafe` block
   --> emane-core/src/configuration_service.rs:315:21
    |
315 | ...   regex_ptr = unsafe { emane_rs_regex_compile(s_regex, regex_err.as...
    |                   ^^^^^^ unnecessary `unsafe` block

warning: unnecessary `unsafe` block
   --> emane-core/src/configuration_service.rs:762:35
    |
762 | ...   let matched = unsafe { emane_rs_regex_match(info.regex_ptr.0, c_s...
    |                     ^^^^^^ unnecessary `unsafe` block

warning: unnecessary `unsafe` block
   --> emane-core/src/control_port.rs:377:29
    |
377 | ...                   unsafe {
    |                       ^^^^^^ unnecessary `unsafe` block

warning: unnecessary `unsafe` block
   --> emane-core/src/nem_manager.rs:237:9
    |
237 |         unsafe {
    |         ^^^^^^ unnecessary `unsafe` block

warning: unnecessary `unsafe` block
   --> emane-core/src/nem_manager.rs:253:5
    |
253 |     unsafe {
    |     ^^^^^^ unnecessary `unsafe` block

warning: value assigned to `p_size` is never read
   --> emane-core/src/ota_manager.rs:541:13
    |
541 |             p_size -= take;
    |             ^^^^^^^^^^^^^^
    |
    = help: maybe it is overwritten before being read?
    = note: `#[warn(unused_assignments)]` (part of `#[warn(unused)]`) on by default

warning: value assigned to `remote_gain_dbi` is never read
   --> emane-core/src/gain_manager.rs:202:31
    |
202 |     let mut remote_gain_dbi = 0.0;
    |                               ^^^ this value is reassigned later and never used
...
283 |                 remote_gain_dbi = tx_gain + tx_blockage;
    |                 --------------------------------------- `remote_gain_dbi` is overwritten here before the previous value is read

warning: value assigned to `local_gain_dbi` is never read
   --> emane-core/src/gain_manager.rs:203:30
    |
203 |     let mut local_gain_dbi = 0.0;
    |                              ^^^ this value is reassigned later and never used
...
380 |                 local_gain_dbi = rx_gain + rx_blockage;
    |                 -------------------------------------- `local_gain_dbi` is overwritten here before the previous value is read

warning: unnecessary `unsafe` block
  --> emane-core/src/nem_impl.rs:50:9
   |
50 |         unsafe {
   |         ^^^^^^ unnecessary `unsafe` block

warning: unnecessary `unsafe` block
  --> emane-core/src/nem_impl.rs:72:9
   |
72 |         unsafe {
   |         ^^^^^^ unnecessary `unsafe` block

warning: value assigned to `pending_end` is never read
   --> emane-core/src/noise_recorder.rs:296:39
    |
296 |                 let mut pending_end = 0;
    |                                       ^ this value is reassigned later and never used
...
334 |                     pending_end = sub_band_bin_end;
    |                     ------------------------------ `pending_end` is overwritten here before the previous value is read

warning: variable `total_len` is assigned to, but never used
   --> emane-core/src/boundary_message_manager.rs:243:9
    |
243 |     let mut total_len = 0;
    |         ^^^^^^^^^^^^^
    |
    = note: consider using `_total_len` instead
    = note: `#[warn(unused_variables)]` (part of `#[warn(unused)]`) on by default

warning: value assigned to `total_len` is never read
   --> emane-core/src/boundary_message_manager.rs:252:9
    |
252 |         total_len += iov_slice[i].iov_len;
    |         ^^^^^^^^^^^^^^^^^^^^^^^^^^^^^^^^^
    |
    = help: maybe it is overwritten before being read?

warning: unnecessary `unsafe` block
   --> emane-core/src/receive_processor.rs:302:35
    |
302 |                 let gain_result = unsafe {
    |                                   ^^^^^^ unnecessary `unsafe` block

warning: unnecessary `unsafe` block
   --> emane-core/src/generators/eel/generator.rs:276:21
    |
276 |                     unsafe {
    |                     ^^^^^^ unnecessary `unsafe` block

warning: unnecessary `unsafe` block
   --> emane-core/src/generators/eel/generator.rs:329:13
    |
329 |             unsafe {
    |             ^^^^^^ unnecessary `unsafe` block

warning: value assigned to `f_col` is never read
   --> emane-core/src/ieee80211abg/collision_table.rs:109:25
    |
109 |         let mut f_col = 0.0;
    |                         ^^^ this value is reassigned later and never used
...
134 |             f_col = V16[n_idx];
    |             ------------------ `f_col` is overwritten here before the previous value is read

warning: unnecessary `unsafe` block
   --> emane-core/src/raw_transport.rs:106:31
    |
106 |                 Ok(packet) => unsafe {
    |                               ^^^^^^ unnecessary `unsafe` block

warning: value assigned to `d_sinr` is never read
   --> emane-core/src/tdma/receiver.rs:373:30
    |
373 |             let mut d_sinr = 0.0;
    |                              ^^^ this value is reassigned later and never used
...
403 |                     d_sinr = freq_seg.rx_power_dbm - d_noise_floor_db;
    |                     ------------------------------------------------- `d_sinr` is overwritten here before the previous value is read

warning: unnecessary `unsafe` block
  --> emane-core/src/virtual/tuntap.rs:33:9
   |
33 |         unsafe {
   |         ^^^^^^ unnecessary `unsafe` block

warning: unnecessary `unsafe` block
   --> emane-core/src/virtual/tuntap.rs:108:9
    |
108 |         unsafe {
    |         ^^^^^^ unnecessary `unsafe` block

warning: unnecessary `unsafe` block
  --> emane-core/src/virtual/virtual_transport.rs:85:25
   |
85 |                         unsafe {
   |                         ^^^^^^ unnecessary `unsafe` block

warning: function `emane_c_log_debug` is never used
  --> emane-core/src/event_service.rs:16:8
   |
16 |     fn emane_c_log_debug(msg: *const c_char);
   |        ^^^^^^^^^^^^^^^^^
   |
   = note: `#[warn(dead_code)]` (part of `#[warn(unused)]`) on by default

warning: field `nem_id` is never read
  --> emane-core/src/neighbor_metric_manager.rs:21:5
   |
20 | struct NeighborData {
   |        ------------ field in this struct
21 |     nem_id: u16,
   |     ^^^^^^
   |
   = note: `NeighborData` has a derived impl for the trait `Clone`, but this is intentionally ignored during dead code analysis

warning: fields `nem_id` and `last_neighbor_status_update_time` are never read
  --> emane-core/src/neighbor_metric_manager.rs:71:5
   |
70 | pub struct NeighborMetricManager {
   |            --------------------- fields in this struct
71 |     nem_id: u16,
   |     ^^^^^^
...
75 |     last_neighbor_status_update_time: Duration,
   |     ^^^^^^^^^^^^^^^^^^^^^^^^^^^^^^^^

warning: field `nem_id` is never read
  --> emane-core/src/queue_metric_manager.rs:38:5
   |
37 | pub struct QueueMetricManager {
   |            ------------------ field in this struct
38 |     nem_id: u16,
   |     ^^^^^^

warning: field `nem_id` is never read
  --> emane-core/src/rf_signal_table.rs:38:5
   |
37 | pub struct RFSignalTable {
   |            ------------- field in this struct
38 |     nem_id: u16,
   |     ^^^^^^

warning: field `name` is never read
  --> emane-core/src/statistics.rs:97:5
   |
96 | pub struct StatisticInfo {
   |            ------------- field in this struct
97 |     name: String,
   |     ^^^^

warning: field `name` is never read
   --> emane-core/src/statistics.rs:105:5
    |
104 | pub struct StatisticTableInfo {
    |            ------------------ field in this struct
105 |     name: String,
    |     ^^^^

warning: function `is_clearable` is never used
   --> emane-core/src/statistics.rs:140:4
    |
140 | fn is_clearable(properties: u64) -> bool {
    |    ^^^^^^^^^^^^

warning: field `nem_id` is never read
  --> emane-core/src/location_manager.rs:10:5
   |
 9 | pub struct LocationManagerImpl {
   |            ------------------- field in this struct
10 |     nem_id: u16,
   |     ^^^^^^

warning: function `emane_c_mac_plugin_configure` is never used
  --> emane-core/src/mac_layer.rs:18:8
   |
18 |     fn emane_c_mac_plugin_configure(plugin: *mut c_void, update: *mut c_...
   |        ^^^^^^^^^^^^^^^^^^^^^^^^^^^^

warning: field `id` is never read
  --> emane-core/src/nem_impl.rs:11:5
   |
10 | pub struct NemImpl {
   |            ------- field in this struct
11 |     id: u16,
   |     ^^

warning: field `id` is never read
  --> emane-core/src/boundary_message_manager.rs:14:5
   |
13 | pub struct BoundaryMessageManagerState {
   |            --------------------------- field in this struct
14 |     id: u16,
   |     ^^

warning: field `nem_id` is never read
  --> emane-core/src/fading_manager.rs:11:5
   |
10 | pub struct FadingManager {
   |            ------------- field in this struct
11 |     nem_id: u16,
   |     ^^^^^^

warning: function `emane_c_location_infos_size` is never used
  --> emane-core/src/receive_processor.rs:83:8
   |
83 |     fn emane_c_location_infos_size(vec_ptr: *const c_void) -> usize;
   |        ^^^^^^^^^^^^^^^^^^^^^^^^^^^

warning: function `emane_c_fading_infos_size` is never used
  --> emane-core/src/receive_processor.rs:90:8
   |
90 |     fn emane_c_fading_infos_size(vec_ptr: *const c_void) -> usize;
   |        ^^^^^^^^^^^^^^^^^^^^^^^^^

warning: fields `transmitter_spectral_mask_cache` and `filter_transmitter_spectral_mask_cache` are never read
   --> emane-core/src/spectrum_monitor.rs:95:5
    |
 85 | pub struct SpectrumMonitor {
    |            --------------- fields in this struct
...
 95 |     transmitter_spectral_mask_cache: HashMap<u64, (HashMap<u64, Vec<Noi...
    |     ^^^^^^^^^^^^^^^^^^^^^^^^^^^^^^^
...
108 |     filter_transmitter_spectral_mask_cache:
    |     ^^^^^^^^^^^^^^^^^^^^^^^^^^^^^^^^^^^^^^

warning: function `doppler_shift` is never used
   --> emane-core/src/spectrum_monitor.rs:112:4
    |
112 | fn doppler_shift(freq: u64, doppler_factor: f64) -> i64 {
    |    ^^^^^^^^^^^^^

warning: function `emane_rs_filter_match` is never used
  --> emane-core/src/spectrum_monitor.rs:54:8
   |
54 |     fn emane_rs_filter_match(
   |        ^^^^^^^^^^^^^^^^^^^^^

warning: field `nem_id` is never read
 --> emane-core/src/agents/gpsdlocation.rs:8:5
  |
7 | pub struct GpsdLocationAgent {
  |            ----------------- field in this struct
8 |     nem_id: u16,
  |     ^^^^^^

warning: constant `V8` is never used
  --> emane-core/src/ieee80211abg/collision_table.rs:72:7
   |
72 | const V8: [f32; 60] = [
   |       ^^

warning: constant `V4` is never used
  --> emane-core/src/ieee80211abg/collision_table.rs:79:7
   |
79 | const V4: [f32; 60] = [
   |       ^^

warning: constant `V2` is never used
  --> emane-core/src/ieee80211abg/collision_table.rs:86:7
   |
86 | const V2: [f32; 60] = [
   |       ^^

warning: constant `V1` is never used
  --> emane-core/src/ieee80211abg/collision_table.rs:93:7
   |
93 | const V1: [f32; 60] = [
   |       ^^

warning: fields `one_hop_nbr_set`, `common_nbr_set`, `hidden_nbr_set`, `f_average_hidden_rx_power_milli_watts`, and `f_average_common_rx_power_milli_watts` are never read
  --> emane-core/src/ieee80211abg/neighbor_manager.rs:37:5
   |
33 | pub struct NeighborEntry {
   |            ------------- fields in this struct
...
37 |     one_hop_nbr_set: HashSet<NEMId>,
   |     ^^^^^^^^^^^^^^^
38 |     common_nbr_set: HashSet<NEMId>,
   |     ^^^^^^^^^^^^^^
39 |     hidden_nbr_set: HashSet<NEMId>,
   |     ^^^^^^^^^^^^^^
...
42 |     f_average_hidden_rx_power_milli_watts: f32,
   |     ^^^^^^^^^^^^^^^^^^^^^^^^^^^^^^^^^^^^^
43 |     f_average_common_rx_power_milli_watts: f32,
   |     ^^^^^^^^^^^^^^^^^^^^^^^^^^^^^^^^^^^^^

warning: fields `platform_service` and `mac_layer` are never read
   --> emane-core/src/ieee80211abg/neighbor_manager.rs:131:5
    |
129 | pub struct FfiNeighborManager {
    |            ------------------ fields in this struct
130 |     id: u16,
131 |     platform_service: *mut c_void,
    |     ^^^^^^^^^^^^^^^^
132 |     mac_layer: *mut c_void,
    |     ^^^^^^^^^

warning: field `id` is never read
  --> emane-core/src/raw_transport.rs:13:5
   |
12 | pub struct RawTransport {
   |            ------------ field in this struct
13 |     id: u16,
   |     ^^

warning: constant `SIOCSIFADDR` is never used
 --> emane-core/src/virtual/tuntap.rs:7:7
  |
7 | const SIOCSIFADDR: u64 = 0x8916;
  |       ^^^^^^^^^^^

warning: constant `SIOCSIFNETMASK` is never used
 --> emane-core/src/virtual/tuntap.rs:8:7
  |
8 | const SIOCSIFNETMASK: u64 = 0x891c;
  |       ^^^^^^^^^^^^^^

warning: `extern` block uses type `[u64; 4]`, which is not FFI-safe
   --> /home/joe/src/sleepybishop/emane/rust/target/debug/build/emane-core-b52bec8b61952cef/out/bindings.rs:567:80
    |
567 | ..., bWithPort: bool) -> std_string;
    |                          ^^^^^^^^^^ not FFI-safe
    |
    = help: consider passing a pointer to the array
    = note: passing raw arrays by value is not FFI-safe
    = note: `#[warn(improper_ctypes)]` on by default

warning: `extern` block uses type `[u64; 4]`, which is not FFI-safe
   --> /home/joe/src/sleepybishop/emane/rust/target/debug/build/emane-core-b52bec8b61952cef/out/bindings.rs:886:58
    |
886 |     pub fn EMANE_Any_asString(this: *const EMANE_Any) -> std_string;
    |                                                          ^^^^^^^^^^ not FFI-safe
    |
    = help: consider passing a pointer to the array
    = note: passing raw arrays by value is not FFI-safe

warning: `extern` block uses type `[u64; 4]`, which is not FFI-safe
   --> /home/joe/src/sleepybishop/emane/rust/target/debug/build/emane-core-b52bec8b61952cef/out/bindings.rs:896:58
    |
896 |     pub fn EMANE_Any_toString(this: *const EMANE_Any) -> std_string;
    |                                                          ^^^^^^^^^^ not FFI-safe
    |
    = help: consider passing a pointer to the array
    = note: passing raw arrays by value is not FFI-safe

warning: `extern` block uses type `[u64; 4]`, which is not FFI-safe
   --> /home/joe/src/sleepybishop/emane/rust/target/debug/build/emane-core-b52bec8b61952cef/out/bindings.rs:901:37
    |
901 |     pub fn EMANE_Any_create(sValue: std_string, type_: EMANE_Any_Type) ...
    |                                     ^^^^^^^^^^ not FFI-safe
    |
    = help: consider passing a pointer to the array
    = note: passing raw arrays by value is not FFI-safe

warning: `extern` block uses type `[u64; 4]`, which is not FFI-safe
    --> /home/joe/src/sleepybishop/emane/rust/target/debug/build/emane-core-b52bec8b61952cef/out/bindings.rs:1195:67
     |
1195 | ...st EMANE_Any_Type) -> std_string;
     |                          ^^^^^^^^^^ not FFI-safe
     |
     = help: consider passing a pointer to the array
     = note: passing raw arrays by value is not FFI-safe

warning: `extern` block uses type `[u64; 3]`, which is not FFI-safe
    --> /home/joe/src/sleepybishop/emane/rust/target/debug/build/emane-core-b52bec8b61952cef/out/bindings.rs:2990:80
     |
2990 | ...CommonPHYHeader) -> EMANE_Strings;
     |                        ^^^^^^^^^^^^^ not FFI-safe
     |
     = help: consider passing a pointer to the array
     = note: passing raw arrays by value is not FFI-safe

warning: unused return value of `Box::<T>::from_raw` that must be used
   --> emane-core/src/neighbor_metric_manager.rs:354:13
    |
354 |             Box::from_raw(ptr);
    |             ^^^^^^^^^^^^^^^^^^
    |
    = note: call `drop(Box::from_raw(ptr))` if you intend to drop the `Box`
    = note: `#[warn(unused_must_use)]` (part of `#[warn(unused)]`) on by default
help: use `let _ = ...` to ignore the resulting value
    |
354 |             let _ = Box::from_raw(ptr);
    |             +++++++

warning: unused return value of `Box::<T>::from_raw` that must be used
   --> emane-core/src/queue_metric_manager.rs:128:13
    |
128 |             Box::from_raw(ptr);
    |             ^^^^^^^^^^^^^^^^^^
    |
    = note: call `drop(Box::from_raw(ptr))` if you intend to drop the `Box`
help: use `let _ = ...` to ignore the resulting value
    |
128 |             let _ = Box::from_raw(ptr);
    |             +++++++

warning: creating a shared reference to mutable static
   --> emane-core/src/antenna.rs:278:12
    |
278 |         if MANAGER.is_none() {
    |            ^^^^^^^^^^^^^^^^^ shared reference to mutable static
    |
    = note: shared references to mutable statics are dangerous; it's undefined behavior if the static is mutated or if a mutable reference is created for it while the shared reference lives
    = note: for more information, see <https://doc.rust-lang.org/edition-guide/rust-2024/static-mut-references.html>
    = note: `#[warn(static_mut_refs)]` (part of `#[warn(rust_2024_compatibility)]`) on by default

warning: creating a mutable reference to mutable static
   --> emane-core/src/antenna.rs:281:9
    |
281 |         MANAGER.as_mut().unwrap()
    |         ^^^^^^^^^^^^^^^^ mutable reference to mutable static
    |
    = note: mutable references to mutable statics are dangerous; it's undefined behavior if any other pointer to the static is used or if any other reference is created for the static while the mutable reference lives
    = note: for more information, see <https://doc.rust-lang.org/edition-guide/rust-2024/static-mut-references.html>

warning: creating a shared reference to mutable static
   --> emane-core/src/spectral_mask.rs:301:12
    |
301 |         if MANAGER.is_none() {
    |            ^^^^^^^^^^^^^^^^^ shared reference to mutable static
    |
    = note: shared references to mutable statics are dangerous; it's undefined behavior if the static is mutated or if a mutable reference is created for it while the shared reference lives
    = note: for more information, see <https://doc.rust-lang.org/edition-guide/rust-2024/static-mut-references.html>

warning: creating a mutable reference to mutable static
   --> emane-core/src/spectral_mask.rs:304:9
    |
304 |         MANAGER.as_mut().unwrap()
    |         ^^^^^^^^^^^^^^^^ mutable reference to mutable static
    |
    = note: mutable references to mutable statics are dangerous; it's undefined behavior if any other pointer to the static is used or if any other reference is created for the static while the mutable reference lives
    = note: for more information, see <https://doc.rust-lang.org/edition-guide/rust-2024/static-mut-references.html>

warning: unused return value of `Box::<T>::from_raw` that must be used
  --> emane-core/src/ieee80211abg/mac_layer.rs:17:13
   |
17 |             Box::from_raw(ptr);
   |             ^^^^^^^^^^^^^^^^^^
   |
   = note: call `drop(Box::from_raw(ptr))` if you intend to drop the `Box`
help: use `let _ = ...` to ignore the resulting value
   |
17 |             let _ = Box::from_raw(ptr);
   |             +++++++

warning: `emane-core` (lib) generated 64 warnings
   Compiling emane-core v0.1.0 (/home/joe/src/sleepybishop/emane/rust/emane-core)
warning: unused import: `PluginApi`
 --> emane-core/src/bin/test_plugin_loader.rs:2:36
  |
2 | use emane_core::plugin_interface::{PluginApi, PluginEntryFunc};
  |                                    ^^^^^^^^^
  |
  = note: `#[warn(unused_imports)]` (part of `#[warn(unused)]`) on by default

error: linking with `cc` failed: exit status: 1
  |
  = note:  "cc" "-m64" "/home/joe/src/sleepybishop/emane/rust/target/debug/deps/rustcAsbp4H/symbols.o" "<23 object files omitted>" "-Wl,--as-needed" "-Wl,-Bstatic" "/home/joe/src/sleepybishop/emane/rust/target/debug/deps/{libemane_core-51ba8051c83ef9a2,liblazy_static-8a79cfedccb33a14,libpcap-7267c92beae6691e,liberrno-0986e2b60c5bdcb7,libbitflags-8b1f882cea39b476,librand_distr-c9100208a9d3bb3f,libnum_traits-d5546922ed618ba2,liblibm-4351b79b93b33353,librand-f73592c9035a6651,librand_chacha-34bd1e35d57dadd2,libppv_lite86-4e220039b037cd9f,libzerocopy-362335445c3ab134,librand_core-b097719df3f09cef,libgetrandom-61ddccc876688b85,libsocket2-59924041240888c5,liblibc-51affe33510939e1,libroxmltree-a4697616db65b9e7,libregex-a68db35d9efe8876,libregex_automata-cf0d109e6714822a,libaho_corasick-8855bdf5c68fc48b,libmemchr-7bfe7484a5a67142,libregex_syntax-f171f2e2042774c1,libprost-8c5b2423c88cca4e,libbytes-eea7049dbc98ca80,liblibloading-5b217b809e197d2b,libcfg_if-0944d91213d4f0b7}.rlib" "<sysroot>/lib/rustlib/x86_64-unknown-linux-gnu/lib/{libstd-*,libpanic_unwind-*,libobject-*,libmemchr-*,libaddr2line-*,libgimli-*,libcfg_if-*,librustc_demangle-*,libstd_detect-*,libhashbrown-*,librustc_std_workspace_alloc-*,libminiz_oxide-*,libadler2-*,libunwind-*,liblibc-*,librustc_std_workspace_core-*,liballoc-*,libcore-*,libcompiler_builtins-*}.rlib" "-Wl,-Bdynamic" "-lemane-model-bentpipe" "-lieee80211abgmaclayer" "-lemane" "-lpcap" "-ldl" "-lgcc_s" "-lutil" "-lrt" "-lpthread" "-lm" "-ldl" "-lc" "-L" "/home/joe/src/sleepybishop/emane/rust/target/debug/deps/rustcAsbp4H/raw-dylibs" "-B<sysroot>/lib/rustlib/x86_64-unknown-linux-gnu/bin/gcc-ld" "-fuse-ld=lld" "-Wl,--eh-frame-hdr" "-Wl,-z,noexecstack" "-L" "/home/joe/src/sleepybishop/emane/rust/target/debug/build/emane-core-b52bec8b61952cef/out" "-L" "/home/joe/src/sleepybishop/emane/src/libemane/.libs" "-L" "/home/joe/src/sleepybishop/emane/src/models/mac/ieee80211abg/.libs" "-L" "/home/joe/src/sleepybishop/emane/src/models/mac/tdma/.libs" "-L" "/home/joe/src/sleepybishop/emane/src/models/mac/rfpipe/.libs" "-L" "/home/joe/src/sleepybishop/emane/src/models/mac/bentpipe/.libs" "-L" "/usr/lib64" "-L" "<sysroot>/lib/rustlib/x86_64-unknown-linux-gnu/lib" "-o" "/home/joe/src/sleepybishop/emane/rust/target/debug/deps/test_plugin_loader-0adab9085a4c1e96" "-Wl,--gc-sections" "-pie" "-Wl,-z,relro,-z,now" "-nodefaultlibs"
  = note: some arguments are omitted. use `--verbose` to show all linker arguments
  = note: rust-lld: error: unable to find library -lemane-model-bentpipe
          rust-lld: error: unable to find library -lieee80211abgmaclayer
          rust-lld: error: unable to find library -lemane
          collect2: error: ld returned 1 exit status
          

warning: `emane-core` (bin "test_plugin_loader") generated 1 warning
warning: emane-core@0.1.0: src/bentpipe_stubs.c: In function 'emane_bentpipe_upstreampacket_get_src':
warning: emane-core@0.1.0: src/bentpipe_stubs.c:7:65: warning: unused parameter 'pkt' [-Wunused-parameter]
warning: emane-core@0.1.0:     7 | WEAK uint16_t emane_bentpipe_upstreampacket_get_src(const void* pkt) { return 0; }
warning: emane-core@0.1.0:       |                                                     ~~~~~~~~~~~~^~~
warning: emane-core@0.1.0: src/bentpipe_stubs.c: In function 'emane_bentpipe_upstreampacket_get_dst':
warning: emane-core@0.1.0: src/bentpipe_stubs.c:8:65: warning: unused parameter 'pkt' [-Wunused-parameter]
warning: emane-core@0.1.0:     8 | WEAK uint16_t emane_bentpipe_upstreampacket_get_dst(const void* pkt) { return 0; }
warning: emane-core@0.1.0:       |                                                     ~~~~~~~~~~~~^~~
warning: emane-core@0.1.0: src/bentpipe_stubs.c: In function 'emane_bentpipe_upstreampacket_get_priority':
warning: emane-core@0.1.0: src/bentpipe_stubs.c:9:69: warning: unused parameter 'pkt' [-Wunused-parameter]
warning: emane-core@0.1.0:     9 | WEAK uint8_t emane_bentpipe_upstreampacket_get_priority(const void* pkt) { return 0; }
warning: emane-core@0.1.0:       |                                                         ~~~~~~~~~~~~^~~
warning: emane-core@0.1.0: src/bentpipe_stubs.c: In function 'emane_bentpipe_upstreampacket_length':
warning: emane-core@0.1.0: src/bentpipe_stubs.c:10:62: warning: unused parameter 'pkt' [-Wunused-parameter]
warning: emane-core@0.1.0:    10 | WEAK size_t emane_bentpipe_upstreampacket_length(const void* pkt) { return 0; }
warning: emane-core@0.1.0:       |                                                  ~~~~~~~~~~~~^~~
warning: emane-core@0.1.0: src/bentpipe_stubs.c: In function 'emane_bentpipe_upstreampacket_stripLengthPrefixFraming':
warning: emane-core@0.1.0: src/bentpipe_stubs.c:11:74: warning: unused parameter 'pkt' [-Wunused-parameter]
warning: emane-core@0.1.0:    11 | WEAK size_t emane_bentpipe_upstreampacket_stripLengthPrefixFraming(void* pkt) { return 0; }
warning: emane-core@0.1.0:       |                                                                    ~~~~~~^~~
warning: emane-core@0.1.0: src/bentpipe_stubs.c: In function 'emane_bentpipe_upstreampacket_get':
warning: emane-core@0.1.0: src/bentpipe_stubs.c:12:64: warning: unused parameter 'pkt' [-Wunused-parameter]
warning: emane-core@0.1.0:    12 | WEAK const void* emane_bentpipe_upstreampacket_get(const void* pkt) { return NULL; }
warning: emane-core@0.1.0:       |                                                    ~~~~~~~~~~~~^~~
warning: emane-core@0.1.0: src/bentpipe_stubs.c: In function 'emane_bentpipe_downstreampacket_get_priority':
warning: emane-core@0.1.0: src/bentpipe_stubs.c:13:71: warning: unused parameter 'pkt' [-Wunused-parameter]
warning: emane-core@0.1.0:    13 | WEAK uint8_t emane_bentpipe_downstreampacket_get_priority(const void* pkt) { return 0; }
warning: emane-core@0.1.0:       |                                                           ~~~~~~~~~~~~^~~
warning: emane-core@0.1.0: src/bentpipe_stubs.c: In function 'emane_bentpipe_commonmacheader_get_registration_id':
warning: emane-core@0.1.0: src/bentpipe_stubs.c:14:78: warning: unused parameter 'hdr' [-Wunused-parameter]
warning: emane-core@0.1.0:    14 | WEAK uint16_t emane_bentpipe_commonmacheader_get_registration_id(const void* hdr) { return 0; }
warning: emane-core@0.1.0:       |                                                                  ~~~~~~~~~~~~^~~
warning: emane-core@0.1.0: src/bentpipe_stubs.c: In function 'emane_bentpipe_commonmacheader_get_sequence_number':
warning: emane-core@0.1.0: src/bentpipe_stubs.c:15:78: warning: unused parameter 'hdr' [-Wunused-parameter]
warning: emane-core@0.1.0:    15 | WEAK uint64_t emane_bentpipe_commonmacheader_get_sequence_number(const void* hdr) { return 0; }
warning: emane-core@0.1.0:       |                                                                  ~~~~~~~~~~~~^~~
warning: emane-core@0.1.0: src/bentpipe_stubs.c: In function 'emane_bentpipe_radiomodel_drop_registration_id':
warning: emane-core@0.1.0: src/bentpipe_stubs.c:16:64: warning: unused parameter 'radiomodel' [-Wunused-parameter]
warning: emane-core@0.1.0:    16 | WEAK void emane_bentpipe_radiomodel_drop_registration_id(void* radiomodel, uint16_t src, uint16_t dst, size_t length) {}
warning: emane-core@0.1.0:       |                                                          ~~~~~~^~~~~~~~~~
warning: emane-core@0.1.0: src/bentpipe_stubs.c:16:85: warning: unused parameter 'src' [-Wunused-parameter]
warning: emane-core@0.1.0:    16 | WEAK void emane_bentpipe_radiomodel_drop_registration_id(void* radiomodel, uint16_t src, uint16_t dst, size_t length) {}
warning: emane-core@0.1.0:       |                                                                            ~~~~~~~~~^~~
warning: emane-core@0.1.0: src/bentpipe_stubs.c:16:99: warning: unused parameter 'dst' [-Wunused-parameter]
warning: emane-core@0.1.0:    16 | WEAK void emane_bentpipe_radiomodel_drop_registration_id(void* radiomodel, uint16_t src, uint16_t dst, size_t length) {}
warning: emane-core@0.1.0:       |                                                                                          ~~~~~~~~~^~~
warning: emane-core@0.1.0: src/bentpipe_stubs.c:16:111: warning: unused parameter 'length' [-Wunused-parameter]
warning: emane-core@0.1.0:    16 | WEAK void emane_bentpipe_radiomodel_drop_registration_id(void* radiomodel, uint16_t src, uint16_t dst, size_t length) {}
warning: emane-core@0.1.0:       |                                                                                                        ~~~~~~~^~~~~~
warning: emane-core@0.1.0: src/bentpipe_stubs.c: In function 'emane_bentpipe_radiomodel_drop_rx_off':
warning: emane-core@0.1.0: src/bentpipe_stubs.c:17:55: warning: unused parameter 'radiomodel' [-Wunused-parameter]
warning: emane-core@0.1.0:    17 | WEAK void emane_bentpipe_radiomodel_drop_rx_off(void* radiomodel, uint16_t src, const void* pkt_data, size_t pkt_len) {}
warning: emane-core@0.1.0:       |                                                 ~~~~~~^~~~~~~~~~
warning: emane-core@0.1.0: src/bentpipe_stubs.c:17:76: warning: unused parameter 'src' [-Wunused-parameter]
warning: emane-core@0.1.0:    17 | WEAK void emane_bentpipe_radiomodel_drop_rx_off(void* radiomodel, uint16_t src, const void* pkt_data, size_t pkt_len) {}
warning: emane-core@0.1.0:       |                                                                   ~~~~~~~~~^~~
warning: emane-core@0.1.0: src/bentpipe_stubs.c:17:93: warning: unused parameter 'pkt_data' [-Wunused-parameter]
warning: emane-core@0.1.0:    17 | WEAK void emane_bentpipe_radiomodel_drop_rx_off(void* radiomodel, uint16_t src, const void* pkt_data, size_t pkt_len) {}
warning: emane-core@0.1.0:       |                                                                                 ~~~~~~~~~~~~^~~~~~~~
warning: emane-core@0.1.0: src/bentpipe_stubs.c:17:110: warning: unused parameter 'pkt_len' [-Wunused-parameter]
warning: emane-core@0.1.0:    17 | WEAK void emane_bentpipe_radiomodel_drop_rx_off(void* radiomodel, uint16_t src, const void* pkt_data, size_t pkt_len) {}
warning: emane-core@0.1.0:       |                                                                                                       ~~~~~~~^~~~~~~
warning: emane-core@0.1.0: src/bentpipe_stubs.c: In function 'emane_bentpipe_radiomodel_find_transponder':
warning: emane-core@0.1.0: src/bentpipe_stubs.c:18:63: warning: unused parameter 'radiomodel' [-Wunused-parameter]
warning: emane-core@0.1.0:    18 | WEAK int32_t emane_bentpipe_radiomodel_find_transponder(void* radiomodel, const void* msgs, uint16_t* out_antenna_index, uint64_t* out_freq_hz, uint64_t* out_span, uint64_t* out_start_of_reception) { return -1; }
warning: emane-core@0.1.0:       |                                                         ~~~~~~^~~~~~~~~~
warning: emane-core@0.1.0: src/bentpipe_stubs.c:18:87: warning: unused parameter 'msgs' [-Wunused-parameter]
warning: emane-core@0.1.0:    18 | WEAK int32_t emane_bentpipe_radiomodel_find_transponder(void* radiomodel, const void* msgs, uint16_t* out_antenna_index, uint64_t* out_freq_hz, uint64_t* out_span, uint64_t* out_start_of_reception) { return -1; }
warning: emane-core@0.1.0:       |                                                                           ~~~~~~~~~~~~^~~~
warning: emane-core@0.1.0: src/bentpipe_stubs.c:18:103: warning: unused parameter 'out_antenna_index' [-Wunused-parameter]
warning: emane-core@0.1.0:    18 | WEAK int32_t emane_bentpipe_radiomodel_find_transponder(void* radiomodel, const void* msgs, uint16_t* out_antenna_index, uint64_t* out_freq_hz, uint64_t* out_span, uint64_t* out_start_of_reception) { return -1; }
warning: emane-core@0.1.0:       |                                                                                             ~~~~~~~~~~^~~~~~~~~~~~~~~~~
warning: emane-core@0.1.0: src/bentpipe_stubs.c:18:132: warning: unused parameter 'out_freq_hz' [-Wunused-parameter]
warning: emane-core@0.1.0:    18 | WEAK int32_t emane_bentpipe_radiomodel_find_transponder(void* radiomodel, const void* msgs, uint16_t* out_antenna_index, uint64_t* out_freq_hz, uint64_t* out_span, uint64_t* out_start_of_reception) { return -1; }
warning: emane-core@0.1.0:       |                                                                                                                          ~~~~~~~~~~^~~~~~~~~~~
warning: emane-core@0.1.0: src/bentpipe_stubs.c:18:155: warning: unused parameter 'out_span' [-Wunused-parameter]
warning: emane-core@0.1.0:    18 | WEAK int32_t emane_bentpipe_radiomodel_find_transponder(void* radiomodel, const void* msgs, uint16_t* out_antenna_index, uint64_t* out_freq_hz, uint64_t* out_span, uint64_t* out_start_of_reception) { return -1; }
warning: emane-core@0.1.0:       |                                                                                                                                                 ~~~~~~~~~~^~~~~~~~
warning: emane-core@0.1.0: src/bentpipe_stubs.c:18:175: warning: unused parameter 'out_start_of_reception' [-Wunused-parameter]
warning: emane-core@0.1.0:    18 | WEAK int32_t emane_bentpipe_radiomodel_find_transponder(void* radiomodel, const void* msgs, uint16_t* out_antenna_index, uint64_t* out_freq_hz, uint64_t* out_span, uint64_t* out_start_of_reception) { return -1; }
warning: emane-core@0.1.0:       |                                                                                                                                                                     ~~~~~~~~~~^~~~~~~~~~~~~~~~~~~~~~
warning: emane-core@0.1.0: src/bentpipe_stubs.c: In function 'emane_bentpipe_radiomodel_enqueue_receive':
warning: emane-core@0.1.0: src/bentpipe_stubs.c:19:59: warning: unused parameter 'radiomodel' [-Wunused-parameter]
warning: emane-core@0.1.0:    19 | WEAK void emane_bentpipe_radiomodel_enqueue_receive(void* radiomodel, int32_t transponder_index, void* pkt, const void* msgs, uint64_t seq_num) {}
warning: emane-core@0.1.0:       |                                                     ~~~~~~^~~~~~~~~~
warning: emane-core@0.1.0: src/bentpipe_stubs.c:19:79: warning: unused parameter 'transponder_index' [-Wunused-parameter]
warning: emane-core@0.1.0:    19 | WEAK void emane_bentpipe_radiomodel_enqueue_receive(void* radiomodel, int32_t transponder_index, void* pkt, const void* msgs, uint64_t seq_num) {}
warning: emane-core@0.1.0:       |                                                                       ~~~~~~~~^~~~~~~~~~~~~~~~~
warning: emane-core@0.1.0: src/bentpipe_stubs.c:19:104: warning: unused parameter 'pkt' [-Wunused-parameter]
warning: emane-core@0.1.0:    19 | WEAK void emane_bentpipe_radiomodel_enqueue_receive(void* radiomodel, int32_t transponder_index, void* pkt, const void* msgs, uint64_t seq_num) {}
warning: emane-core@0.1.0:       |                                                                                                  ~~~~~~^~~
warning: emane-core@0.1.0: src/bentpipe_stubs.c:19:121: warning: unused parameter 'msgs' [-Wunused-parameter]
warning: emane-core@0.1.0:    19 | WEAK void emane_bentpipe_radiomodel_enqueue_receive(void* radiomodel, int32_t transponder_index, void* pkt, const void* msgs, uint64_t seq_num) {}
warning: emane-core@0.1.0:       |                                                                                                             ~~~~~~~~~~~~^~~~
warning: emane-core@0.1.0: src/bentpipe_stubs.c:19:136: warning: unused parameter 'seq_num' [-Wunused-parameter]
warning: emane-core@0.1.0:    19 | WEAK void emane_bentpipe_radiomodel_enqueue_receive(void* radiomodel, int32_t transponder_index, void* pkt, const void* msgs, uint64_t seq_num) {}
warning: emane-core@0.1.0:       |                                                                                                                               ~~~~~~~~~^~~~~~~
warning: emane-core@0.1.0: src/bentpipe_stubs.c: In function 'emane_bentpipe_radiomodel_get_tos_to_transponder':
warning: emane-core@0.1.0: src/bentpipe_stubs.c:20:69: warning: unused parameter 'radiomodel' [-Wunused-parameter]
warning: emane-core@0.1.0:    20 | WEAK int32_t emane_bentpipe_radiomodel_get_tos_to_transponder(void* radiomodel, uint8_t tos) { return -1; }
warning: emane-core@0.1.0:       |                                                               ~~~~~~^~~~~~~~~~
warning: emane-core@0.1.0: src/bentpipe_stubs.c:20:89: warning: unused parameter 'tos' [-Wunused-parameter]
warning: emane-core@0.1.0:    20 | WEAK int32_t emane_bentpipe_radiomodel_get_tos_to_transponder(void* radiomodel, uint8_t tos) { return -1; }
warning: emane-core@0.1.0:       |                                                                                 ~~~~~~~~^~~
warning: emane-core@0.1.0: src/bentpipe_stubs.c: In function 'emane_bentpipe_radiomodel_queue_manager_enqueue':
warning: emane-core@0.1.0: src/bentpipe_stubs.c:21:65: warning: unused parameter 'radiomodel' [-Wunused-parameter]
warning: emane-core@0.1.0:    21 | WEAK void emane_bentpipe_radiomodel_queue_manager_enqueue(void* radiomodel, int32_t transponder_index, void* pkt) {}
warning: emane-core@0.1.0:       |                                                           ~~~~~~^~~~~~~~~~
warning: emane-core@0.1.0: src/bentpipe_stubs.c:21:85: warning: unused parameter 'transponder_index' [-Wunused-parameter]
warning: emane-core@0.1.0:    21 | WEAK void emane_bentpipe_radiomodel_queue_manager_enqueue(void* radiomodel, int32_t transponder_index, void* pkt) {}
warning: emane-core@0.1.0:       |                                                                             ~~~~~~~~^~~~~~~~~~~~~~~~~
warning: emane-core@0.1.0: src/bentpipe_stubs.c:21:110: warning: unused parameter 'pkt' [-Wunused-parameter]
warning: emane-core@0.1.0:    21 | WEAK void emane_bentpipe_radiomodel_queue_manager_enqueue(void* radiomodel, int32_t transponder_index, void* pkt) {}
warning: emane-core@0.1.0:       |                                                                                                        ~~~~~~^~~
warning: emane-core@0.1.0: src/bentpipe_stubs.c: In function 'emane_bentpipe_radiomodel_process':
warning: emane-core@0.1.0: src/bentpipe_stubs.c:22:51: warning: unused parameter 'radiomodel' [-Wunused-parameter]
warning: emane-core@0.1.0:    22 | WEAK void emane_bentpipe_radiomodel_process(void* radiomodel) {}
warning: emane-core@0.1.0:       |                                             ~~~~~~^~~~~~~~~~
warning: emane-core@0.1.0: src/bentpipe_stubs.c: In function 'emane_bentpipe_receivemanager_cxx_now':
warning: emane-core@0.1.0: src/bentpipe_stubs.c:24:59: warning: unused parameter 'cpp_this' [-Wunused-parameter]
warning: emane-core@0.1.0:    24 | WEAK uint64_t emane_bentpipe_receivemanager_cxx_now(void* cpp_this) { return 0; }
warning: emane-core@0.1.0:       |                                                     ~~~~~~^~~~~~~~
warning: emane-core@0.1.0: src/bentpipe_stubs.c: In function 'emane_bentpipe_receivemanager_cxx_drop_lock':
warning: emane-core@0.1.0: src/bentpipe_stubs.c:25:61: warning: unused parameter 'cpp_this' [-Wunused-parameter]
warning: emane-core@0.1.0:    25 | WEAK void emane_bentpipe_receivemanager_cxx_drop_lock(void* cpp_this, void* pkt_info_ptr, void* msg_ptr) {}
warning: emane-core@0.1.0:       |                                                       ~~~~~~^~~~~~~~
warning: emane-core@0.1.0: src/bentpipe_stubs.c:25:77: warning: unused parameter 'pkt_info_ptr' [-Wunused-parameter]
warning: emane-core@0.1.0:    25 | WEAK void emane_bentpipe_receivemanager_cxx_drop_lock(void* cpp_this, void* pkt_info_ptr, void* msg_ptr) {}
warning: emane-core@0.1.0:       |                                                                       ~~~~~~^~~~~~~~~~~~
warning: emane-core@0.1.0: src/bentpipe_stubs.c:25:97: warning: unused parameter 'msg_ptr' [-Wunused-parameter]
warning: emane-core@0.1.0:    25 | WEAK void emane_bentpipe_receivemanager_cxx_drop_lock(void* cpp_this, void* pkt_info_ptr, void* msg_ptr) {}
warning: emane-core@0.1.0:       |                                                                                           ~~~~~~^~~~~~~
warning: emane-core@0.1.0: src/bentpipe_stubs.c: In function 'emane_bentpipe_receivemanager_cxx_drop_spectrum_service':
warning: emane-core@0.1.0: src/bentpipe_stubs.c:26:73: warning: unused parameter 'cpp_this' [-Wunused-parameter]
warning: emane-core@0.1.0:    26 | WEAK void emane_bentpipe_receivemanager_cxx_drop_spectrum_service(void* cpp_this, void* pkt_info_ptr, void* msg_ptr) {}
warning: emane-core@0.1.0:       |                                                                   ~~~~~~^~~~~~~~
warning: emane-core@0.1.0: src/bentpipe_stubs.c:26:89: warning: unused parameter 'pkt_info_ptr' [-Wunused-parameter]
warning: emane-core@0.1.0:    26 | WEAK void emane_bentpipe_receivemanager_cxx_drop_spectrum_service(void* cpp_this, void* pkt_info_ptr, void* msg_ptr) {}
warning: emane-core@0.1.0:       |                                                                                   ~~~~~~^~~~~~~~~~~~
warning: emane-core@0.1.0: src/bentpipe_stubs.c:26:109: warning: unused parameter 'msg_ptr' [-Wunused-parameter]
warning: emane-core@0.1.0:    26 | WEAK void emane_bentpipe_receivemanager_cxx_drop_spectrum_service(void* cpp_this, void* pkt_info_ptr, void* msg_ptr) {}
warning: emane-core@0.1.0:       |                                                                                                       ~~~~~~^~~~~~~
warning: emane-core@0.1.0: src/bentpipe_stubs.c: In function 'emane_bentpipe_receivemanager_cxx_drop_sinr':
warning: emane-core@0.1.0: src/bentpipe_stubs.c:27:61: warning: unused parameter 'cpp_this' [-Wunused-parameter]
warning: emane-core@0.1.0:    27 | WEAK void emane_bentpipe_receivemanager_cxx_drop_sinr(void* cpp_this, void* pkt_info_ptr, void* msg_ptr) {}
warning: emane-core@0.1.0:       |                                                       ~~~~~~^~~~~~~~
warning: emane-core@0.1.0: src/bentpipe_stubs.c:27:77: warning: unused parameter 'pkt_info_ptr' [-Wunused-parameter]
warning: emane-core@0.1.0:    27 | WEAK void emane_bentpipe_receivemanager_cxx_drop_sinr(void* cpp_this, void* pkt_info_ptr, void* msg_ptr) {}
warning: emane-core@0.1.0:       |                                                                       ~~~~~~^~~~~~~~~~~~
warning: emane-core@0.1.0: src/bentpipe_stubs.c:27:97: warning: unused parameter 'msg_ptr' [-Wunused-parameter]
warning: emane-core@0.1.0:    27 | WEAK void emane_bentpipe_receivemanager_cxx_drop_sinr(void* cpp_this, void* pkt_info_ptr, void* msg_ptr) {}
warning: emane-core@0.1.0:       |                                                                                           ~~~~~~^~~~~~~
warning: emane-core@0.1.0: src/bentpipe_stubs.c: In function 'emane_bentpipe_receivemanager_cxx_drop_bad_curve':
warning: emane-core@0.1.0: src/bentpipe_stubs.c:28:66: warning: unused parameter 'cpp_this' [-Wunused-parameter]
warning: emane-core@0.1.0:    28 | WEAK void emane_bentpipe_receivemanager_cxx_drop_bad_curve(void* cpp_this, void* pkt_info_ptr, void* msg_ptr) {}
warning: emane-core@0.1.0:       |                                                            ~~~~~~^~~~~~~~
warning: emane-core@0.1.0: src/bentpipe_stubs.c:28:82: warning: unused parameter 'pkt_info_ptr' [-Wunused-parameter]
warning: emane-core@0.1.0:    28 | WEAK void emane_bentpipe_receivemanager_cxx_drop_bad_curve(void* cpp_this, void* pkt_info_ptr, void* msg_ptr) {}
warning: emane-core@0.1.0:       |                                                                            ~~~~~~^~~~~~~~~~~~
warning: emane-core@0.1.0: src/bentpipe_stubs.c:28:102: warning: unused parameter 'msg_ptr' [-Wunused-parameter]
warning: emane-core@0.1.0:    28 | WEAK void emane_bentpipe_receivemanager_cxx_drop_bad_curve(void* cpp_this, void* pkt_info_ptr, void* msg_ptr) {}
warning: emane-core@0.1.0:       |                                                                                                ~~~~~~^~~~~~~
warning: emane-core@0.1.0: src/bentpipe_stubs.c: In function 'emane_bentpipe_receivemanager_cxx_publish_drop_destination_mac':
warning: emane-core@0.1.0: src/bentpipe_stubs.c:29:80: warning: unused parameter 'cpp_this' [-Wunused-parameter]
warning: emane-core@0.1.0:    29 | WEAK void emane_bentpipe_receivemanager_cxx_publish_drop_destination_mac(void* cpp_this, void* pkt_info_ptr, void* msg_ptr, size_t msg_index) {}
warning: emane-core@0.1.0:       |                                                                          ~~~~~~^~~~~~~~
warning: emane-core@0.1.0: src/bentpipe_stubs.c:29:96: warning: unused parameter 'pkt_info_ptr' [-Wunused-parameter]
warning: emane-core@0.1.0:    29 | WEAK void emane_bentpipe_receivemanager_cxx_publish_drop_destination_mac(void* cpp_this, void* pkt_info_ptr, void* msg_ptr, size_t msg_index) {}
warning: emane-core@0.1.0:       |                                                                                          ~~~~~~^~~~~~~~~~~~
warning: emane-core@0.1.0: src/bentpipe_stubs.c:29:116: warning: unused parameter 'msg_ptr' [-Wunused-parameter]
warning: emane-core@0.1.0:    29 | WEAK void emane_bentpipe_receivemanager_cxx_publish_drop_destination_mac(void* cpp_this, void* pkt_info_ptr, void* msg_ptr, size_t msg_index) {}
warning: emane-core@0.1.0:       |                                                                                                              ~~~~~~^~~~~~~
warning: emane-core@0.1.0: src/bentpipe_stubs.c:29:132: warning: unused parameter 'msg_index' [-Wunused-parameter]
warning: emane-core@0.1.0:    29 | WEAK void emane_bentpipe_receivemanager_cxx_publish_drop_destination_mac(void* cpp_this, void* pkt_info_ptr, void* msg_ptr, size_t msg_index) {}
warning: emane-core@0.1.0:       |                                                                                                                             ~~~~~~~^~~~~~~~~
warning: emane-core@0.1.0: src/bentpipe_stubs.c: In function 'emane_bentpipe_receivemanager_cxx_publish_accept_good':
warning: emane-core@0.1.0: src/bentpipe_stubs.c:30:71: warning: unused parameter 'cpp_this' [-Wunused-parameter]
warning: emane-core@0.1.0:    30 | WEAK void emane_bentpipe_receivemanager_cxx_publish_accept_good(void* cpp_this, void* pkt_info_ptr, void* msg_ptr, size_t msg_index) {}
warning: emane-core@0.1.0:       |                                                                 ~~~~~~^~~~~~~~
warning: emane-core@0.1.0: src/bentpipe_stubs.c:30:87: warning: unused parameter 'pkt_info_ptr' [-Wunused-parameter]
warning: emane-core@0.1.0:    30 | WEAK void emane_bentpipe_receivemanager_cxx_publish_accept_good(void* cpp_this, void* pkt_info_ptr, void* msg_ptr, size_t msg_index) {}
warning: emane-core@0.1.0:       |                                                                                 ~~~~~~^~~~~~~~~~~~
warning: emane-core@0.1.0: src/bentpipe_stubs.c:30:107: warning: unused parameter 'msg_ptr' [-Wunused-parameter]
warning: emane-core@0.1.0:    30 | WEAK void emane_bentpipe_receivemanager_cxx_publish_accept_good(void* cpp_this, void* pkt_info_ptr, void* msg_ptr, size_t msg_index) {}
warning: emane-core@0.1.0:       |                                                                                                     ~~~~~~^~~~~~~
warning: emane-core@0.1.0: src/bentpipe_stubs.c:30:123: warning: unused parameter 'msg_index' [-Wunused-parameter]
warning: emane-core@0.1.0:    30 | WEAK void emane_bentpipe_receivemanager_cxx_publish_accept_good(void* cpp_this, void* pkt_info_ptr, void* msg_ptr, size_t msg_index) {}
warning: emane-core@0.1.0:       |                                                                                                                    ~~~~~~~^~~~~~~~~
warning: emane-core@0.1.0: src/bentpipe_stubs.c: In function 'emane_bentpipe_receivemanager_cxx_publish_accept_good_len':
warning: emane-core@0.1.0: src/bentpipe_stubs.c:31:75: warning: unused parameter 'cpp_this' [-Wunused-parameter]
warning: emane-core@0.1.0:    31 | WEAK void emane_bentpipe_receivemanager_cxx_publish_accept_good_len(void* cpp_this, void* pkt_info_ptr, uint16_t dst, size_t length) {}
warning: emane-core@0.1.0:       |                                                                     ~~~~~~^~~~~~~~
warning: emane-core@0.1.0: src/bentpipe_stubs.c:31:91: warning: unused parameter 'pkt_info_ptr' [-Wunused-parameter]
warning: emane-core@0.1.0:    31 | WEAK void emane_bentpipe_receivemanager_cxx_publish_accept_good_len(void* cpp_this, void* pkt_info_ptr, uint16_t dst, size_t length) {}
warning: emane-core@0.1.0:       |                                                                                     ~~~~~~^~~~~~~~~~~~
warning: emane-core@0.1.0: src/bentpipe_stubs.c:31:114: warning: unused parameter 'dst' [-Wunused-parameter]
warning: emane-core@0.1.0:    31 | WEAK void emane_bentpipe_receivemanager_cxx_publish_accept_good_len(void* cpp_this, void* pkt_info_ptr, uint16_t dst, size_t length) {}
warning: emane-core@0.1.0:       |                                                                                                         ~~~~~~~~~^~~
warning: emane-core@0.1.0: src/bentpipe_stubs.c:31:126: warning: unused parameter 'length' [-Wunused-parameter]
warning: emane-core@0.1.0:    31 | WEAK void emane_bentpipe_receivemanager_cxx_publish_accept_good_len(void* cpp_this, void* pkt_info_ptr, uint16_t dst, size_t length) {}
warning: emane-core@0.1.0:       |                                                                                                                       ~~~~~~~^~~~~~
warning: emane-core@0.1.0: src/bentpipe_stubs.c: In function 'emane_bentpipe_receivemanager_cxx_check_spectrum':
warning: emane-core@0.1.0: src/bentpipe_stubs.c:32:65: warning: unused parameter 'cpp_this' [-Wunused-parameter]
warning: emane-core@0.1.0:    32 | WEAK int emane_bentpipe_receivemanager_cxx_check_spectrum(void* cpp_this, uint16_t rx_antenna_index, uint64_t freq_hz, uint64_t span, uint64_t sor, double rx_power_dbm, double* out_noise_floor, bool* out_signal_in_noise) { return 0; }
warning: emane-core@0.1.0:       |                                                           ~~~~~~^~~~~~~~
warning: emane-core@0.1.0: src/bentpipe_stubs.c:32:84: warning: unused parameter 'rx_antenna_index' [-Wunused-parameter]
warning: emane-core@0.1.0:    32 | WEAK int emane_bentpipe_receivemanager_cxx_check_spectrum(void* cpp_this, uint16_t rx_antenna_index, uint64_t freq_hz, uint64_t span, uint64_t sor, double rx_power_dbm, double* out_noise_floor, bool* out_signal_in_noise) { return 0; }
warning: emane-core@0.1.0:       |                                                                           ~~~~~~~~~^~~~~~~~~~~~~~~~
warning: emane-core@0.1.0: src/bentpipe_stubs.c:32:111: warning: unused parameter 'freq_hz' [-Wunused-parameter]
warning: emane-core@0.1.0:    32 | WEAK int emane_bentpipe_receivemanager_cxx_check_spectrum(void* cpp_this, uint16_t rx_antenna_index, uint64_t freq_hz, uint64_t span, uint64_t sor, double rx_power_dbm, double* out_noise_floor, bool* out_signal_in_noise) { return 0; }
warning: emane-core@0.1.0:       |                                                                                                      ~~~~~~~~~^~~~~~~
warning: emane-core@0.1.0: src/bentpipe_stubs.c:32:129: warning: unused parameter 'span' [-Wunused-parameter]
warning: emane-core@0.1.0:    32 | WEAK int emane_bentpipe_receivemanager_cxx_check_spectrum(void* cpp_this, uint16_t rx_antenna_index, uint64_t freq_hz, uint64_t span, uint64_t sor, double rx_power_dbm, double* out_noise_floor, bool* out_signal_in_noise) { return 0; }
warning: emane-core@0.1.0:       |                                                                                                                        ~~~~~~~~~^~~~
warning: emane-core@0.1.0: src/bentpipe_stubs.c:32:144: warning: unused parameter 'sor' [-Wunused-parameter]
warning: emane-core@0.1.0:    32 | WEAK int emane_bentpipe_receivemanager_cxx_check_spectrum(void* cpp_this, uint16_t rx_antenna_index, uint64_t freq_hz, uint64_t span, uint64_t sor, double rx_power_dbm, double* out_noise_floor, bool* out_signal_in_noise) { return 0; }
warning: emane-core@0.1.0:       |                                                                                                                                       ~~~~~~~~~^~~
warning: emane-core@0.1.0: src/bentpipe_stubs.c:32:156: warning: unused parameter 'rx_power_dbm' [-Wunused-parameter]
warning: emane-core@0.1.0:    32 | WEAK int emane_bentpipe_receivemanager_cxx_check_spectrum(void* cpp_this, uint16_t rx_antenna_index, uint64_t freq_hz, uint64_t span, uint64_t sor, double rx_power_dbm, double* out_noise_floor, bool* out_signal_in_noise) { return 0; }
warning: emane-core@0.1.0:       |                                                                                                                                                     ~~~~~~~^~~~~~~~~~~~
warning: emane-core@0.1.0: src/bentpipe_stubs.c:32:178: warning: unused parameter 'out_noise_floor' [-Wunused-parameter]
warning: emane-core@0.1.0:    32 | WEAK int emane_bentpipe_receivemanager_cxx_check_spectrum(void* cpp_this, uint16_t rx_antenna_index, uint64_t freq_hz, uint64_t span, uint64_t sor, double rx_power_dbm, double* out_noise_floor, bool* out_signal_in_noise) { return 0; }
warning: emane-core@0.1.0:       |                                                                                                                                                                          ~~~~~~~~^~~~~~~~~~~~~~~
warning: emane-core@0.1.0: src/bentpipe_stubs.c:32:201: warning: unused parameter 'out_signal_in_noise' [-Wunused-parameter]
warning: emane-core@0.1.0:    32 | WEAK int emane_bentpipe_receivemanager_cxx_check_spectrum(void* cpp_this, uint16_t rx_antenna_index, uint64_t freq_hz, uint64_t span, uint64_t sor, double rx_power_dbm, double* out_noise_floor, bool* out_signal_in_noise) { return 0; }
warning: emane-core@0.1.0:       |                                                                                                                                                                                                   ~~~~~~^~~~~~~~~~~~~~~~~~~
warning: emane-core@0.1.0: src/bentpipe_stubs.c: In function 'emane_bentpipe_receivemanager_cxx_get_por':
warning: emane-core@0.1.0: src/bentpipe_stubs.c:33:58: warning: unused parameter 'cpp_this' [-Wunused-parameter]
warning: emane-core@0.1.0:    33 | WEAK int emane_bentpipe_receivemanager_cxx_get_por(void* cpp_this, uint16_t pcr_curve_index, double sinr, size_t length, float* out_por) { return 0; }
warning: emane-core@0.1.0:       |                                                    ~~~~~~^~~~~~~~
warning: emane-core@0.1.0: src/bentpipe_stubs.c:33:77: warning: unused parameter 'pcr_curve_index' [-Wunused-parameter]
warning: emane-core@0.1.0:    33 | WEAK int emane_bentpipe_receivemanager_cxx_get_por(void* cpp_this, uint16_t pcr_curve_index, double sinr, size_t length, float* out_por) { return 0; }
warning: emane-core@0.1.0:       |                                                                    ~~~~~~~~~^~~~~~~~~~~~~~~
warning: emane-core@0.1.0: src/bentpipe_stubs.c:33:101: warning: unused parameter 'sinr' [-Wunused-parameter]
warning: emane-core@0.1.0:    33 | WEAK int emane_bentpipe_receivemanager_cxx_get_por(void* cpp_this, uint16_t pcr_curve_index, double sinr, size_t length, float* out_por) { return 0; }
warning: emane-core@0.1.0:       |                                                                                              ~~~~~~~^~~~
warning: emane-core@0.1.0: src/bentpipe_stubs.c:33:114: warning: unused parameter 'length' [-Wunused-parameter]
warning: emane-core@0.1.0:    33 | WEAK int emane_bentpipe_receivemanager_cxx_get_por(void* cpp_this, uint16_t pcr_curve_index, double sinr, size_t length, float* out_por) { return 0; }
warning: emane-core@0.1.0:       |                                                                                                           ~~~~~~~^~~~~~
warning: emane-core@0.1.0: src/bentpipe_stubs.c:33:129: warning: unused parameter 'out_por' [-Wunused-parameter]
warning: emane-core@0.1.0:    33 | WEAK int emane_bentpipe_receivemanager_cxx_get_por(void* cpp_this, uint16_t pcr_curve_index, double sinr, size_t length, float* out_por) { return 0; }
warning: emane-core@0.1.0:       |                                                                                                                          ~~~~~~~^~~~~~~
warning: emane-core@0.1.0: src/bentpipe_stubs.c: In function 'emane_bentpipe_receivemanager_cxx_get_random':
warning: emane-core@0.1.0: src/bentpipe_stubs.c:34:63: warning: unused parameter 'cpp_this' [-Wunused-parameter]
warning: emane-core@0.1.0:    34 | WEAK float emane_bentpipe_receivemanager_cxx_get_random(void* cpp_this) { return 0.0f; }
warning: emane-core@0.1.0:       |                                                         ~~~~~~^~~~~~~~
warning: emane-core@0.1.0: src/bentpipe_stubs.c: In function 'emane_bentpipe_receivemanager_cxx_update_neighbor_metrics':
warning: emane-core@0.1.0: src/bentpipe_stubs.c:35:75: warning: unused parameter 'cpp_this' [-Wunused-parameter]
warning: emane-core@0.1.0:    35 | WEAK void emane_bentpipe_receivemanager_cxx_update_neighbor_metrics(void* cpp_this, void* pkt_info_ptr, uint16_t transponder_index, double sinr, double noise_floor, uint64_t sor) {}
warning: emane-core@0.1.0:       |                                                                     ~~~~~~^~~~~~~~
warning: emane-core@0.1.0: src/bentpipe_stubs.c:35:91: warning: unused parameter 'pkt_info_ptr' [-Wunused-parameter]
warning: emane-core@0.1.0:    35 | WEAK void emane_bentpipe_receivemanager_cxx_update_neighbor_metrics(void* cpp_this, void* pkt_info_ptr, uint16_t transponder_index, double sinr, double noise_floor, uint64_t sor) {}
warning: emane-core@0.1.0:       |                                                                                     ~~~~~~^~~~~~~~~~~~
warning: emane-core@0.1.0: src/bentpipe_stubs.c:35:114: warning: unused parameter 'transponder_index' [-Wunused-parameter]
warning: emane-core@0.1.0:    35 | WEAK void emane_bentpipe_receivemanager_cxx_update_neighbor_metrics(void* cpp_this, void* pkt_info_ptr, uint16_t transponder_index, double sinr, double noise_floor, uint64_t sor) {}
warning: emane-core@0.1.0:       |                                                                                                         ~~~~~~~~~^~~~~~~~~~~~~~~~~
warning: emane-core@0.1.0: src/bentpipe_stubs.c:35:140: warning: unused parameter 'sinr' [-Wunused-parameter]
warning: emane-core@0.1.0:    35 | WEAK void emane_bentpipe_receivemanager_cxx_update_neighbor_metrics(void* cpp_this, void* pkt_info_ptr, uint16_t transponder_index, double sinr, double noise_floor, uint64_t sor) {}
warning: emane-core@0.1.0:       |                                                                                                                                     ~~~~~~~^~~~
warning: emane-core@0.1.0: src/bentpipe_stubs.c:35:153: warning: unused parameter 'noise_floor' [-Wunused-parameter]
warning: emane-core@0.1.0:    35 | WEAK void emane_bentpipe_receivemanager_cxx_update_neighbor_metrics(void* cpp_this, void* pkt_info_ptr, uint16_t transponder_index, double sinr, double noise_floor, uint64_t sor) {}
warning: emane-core@0.1.0:       |                                                                                                                                                  ~~~~~~~^~~~~~~~~~~
warning: emane-core@0.1.0: src/bentpipe_stubs.c:35:175: warning: unused parameter 'sor' [-Wunused-parameter]
warning: emane-core@0.1.0:    35 | WEAK void emane_bentpipe_receivemanager_cxx_update_neighbor_metrics(void* cpp_this, void* pkt_info_ptr, uint16_t transponder_index, double sinr, double noise_floor, uint64_t sor) {}
warning: emane-core@0.1.0:       |                                                                                                                                                                      ~~~~~~~~~^~~
warning: emane-core@0.1.0: src/bentpipe_stubs.c: In function 'emane_bentpipe_receivemanager_cxx_get_messages_count':
warning: emane-core@0.1.0: src/bentpipe_stubs.c:36:72: warning: unused parameter 'msg_ptr' [-Wunused-parameter]
warning: emane-core@0.1.0:    36 | WEAK size_t emane_bentpipe_receivemanager_cxx_get_messages_count(void* msg_ptr) { return 0; }
warning: emane-core@0.1.0:       |                                                                  ~~~~~~^~~~~~~
warning: emane-core@0.1.0: src/bentpipe_stubs.c: In function 'emane_bentpipe_receivemanager_cxx_msg_get_dst':
warning: emane-core@0.1.0: src/bentpipe_stubs.c:37:67: warning: unused parameter 'msg_ptr' [-Wunused-parameter]
warning: emane-core@0.1.0:    37 | WEAK uint16_t emane_bentpipe_receivemanager_cxx_msg_get_dst(void* msg_ptr, size_t index) { return 0; }
warning: emane-core@0.1.0:       |                                                             ~~~~~~^~~~~~~
warning: emane-core@0.1.0: src/bentpipe_stubs.c:37:83: warning: unused parameter 'index' [-Wunused-parameter]
warning: emane-core@0.1.0:    37 | WEAK uint16_t emane_bentpipe_receivemanager_cxx_msg_get_dst(void* msg_ptr, size_t index) { return 0; }
warning: emane-core@0.1.0:       |                                                                            ~~~~~~~^~~~~
warning: emane-core@0.1.0: src/bentpipe_stubs.c: In function 'emane_bentpipe_receivemanager_cxx_msg_is_fragment':
warning: emane-core@0.1.0: src/bentpipe_stubs.c:38:67: warning: unused parameter 'msg_ptr' [-Wunused-parameter]
warning: emane-core@0.1.0:    38 | WEAK bool emane_bentpipe_receivemanager_cxx_msg_is_fragment(void* msg_ptr, size_t index) { return false; }
warning: emane-core@0.1.0:       |                                                             ~~~~~~^~~~~~~
warning: emane-core@0.1.0: src/bentpipe_stubs.c:38:83: warning: unused parameter 'index' [-Wunused-parameter]
warning: emane-core@0.1.0:    38 | WEAK bool emane_bentpipe_receivemanager_cxx_msg_is_fragment(void* msg_ptr, size_t index) { return false; }
warning: emane-core@0.1.0:       |                                                                            ~~~~~~~^~~~~
warning: emane-core@0.1.0: src/bentpipe_stubs.c: In function 'emane_bentpipe_receivemanager_cxx_msg_get_fragment_index':
warning: emane-core@0.1.0: src/bentpipe_stubs.c:39:76: warning: unused parameter 'msg_ptr' [-Wunused-parameter]
warning: emane-core@0.1.0:    39 | WEAK size_t emane_bentpipe_receivemanager_cxx_msg_get_fragment_index(void* msg_ptr, size_t index) { return 0; }
warning: emane-core@0.1.0:       |                                                                      ~~~~~~^~~~~~~
warning: emane-core@0.1.0: src/bentpipe_stubs.c:39:92: warning: unused parameter 'index' [-Wunused-parameter]
warning: emane-core@0.1.0:    39 | WEAK size_t emane_bentpipe_receivemanager_cxx_msg_get_fragment_index(void* msg_ptr, size_t index) { return 0; }
warning: emane-core@0.1.0:       |                                                                                     ~~~~~~~^~~~~
warning: emane-core@0.1.0: src/bentpipe_stubs.c: In function 'emane_bentpipe_receivemanager_cxx_msg_get_fragment_offset':
warning: emane-core@0.1.0: src/bentpipe_stubs.c:40:77: warning: unused parameter 'msg_ptr' [-Wunused-parameter]
warning: emane-core@0.1.0:    40 | WEAK size_t emane_bentpipe_receivemanager_cxx_msg_get_fragment_offset(void* msg_ptr, size_t index) { return 0; }
warning: emane-core@0.1.0:       |                                                                       ~~~~~~^~~~~~~
warning: emane-core@0.1.0: src/bentpipe_stubs.c:40:93: warning: unused parameter 'index' [-Wunused-parameter]
warning: emane-core@0.1.0:    40 | WEAK size_t emane_bentpipe_receivemanager_cxx_msg_get_fragment_offset(void* msg_ptr, size_t index) { return 0; }
warning: emane-core@0.1.0:       |                                                                                      ~~~~~~~^~~~~
warning: emane-core@0.1.0: src/bentpipe_stubs.c: In function 'emane_bentpipe_receivemanager_cxx_msg_get_fragment_sequence':
warning: emane-core@0.1.0: src/bentpipe_stubs.c:41:81: warning: unused parameter 'msg_ptr' [-Wunused-parameter]
warning: emane-core@0.1.0:    41 | WEAK uint64_t emane_bentpipe_receivemanager_cxx_msg_get_fragment_sequence(void* msg_ptr, size_t index) { return 0; }
warning: emane-core@0.1.0:       |                                                                           ~~~~~~^~~~~~~
warning: emane-core@0.1.0: src/bentpipe_stubs.c:41:97: warning: unused parameter 'index' [-Wunused-parameter]
warning: emane-core@0.1.0:    41 | WEAK uint64_t emane_bentpipe_receivemanager_cxx_msg_get_fragment_sequence(void* msg_ptr, size_t index) { return 0; }
warning: emane-core@0.1.0:       |                                                                                          ~~~~~~~^~~~~
warning: emane-core@0.1.0: src/bentpipe_stubs.c: In function 'emane_bentpipe_receivemanager_cxx_msg_is_more_fragments':
warning: emane-core@0.1.0: src/bentpipe_stubs.c:42:73: warning: unused parameter 'msg_ptr' [-Wunused-parameter]
warning: emane-core@0.1.0:    42 | WEAK bool emane_bentpipe_receivemanager_cxx_msg_is_more_fragments(void* msg_ptr, size_t index) { return false; }
warning: emane-core@0.1.0:       |                                                                   ~~~~~~^~~~~~~
warning: emane-core@0.1.0: src/bentpipe_stubs.c:42:89: warning: unused parameter 'index' [-Wunused-parameter]
warning: emane-core@0.1.0:    42 | WEAK bool emane_bentpipe_receivemanager_cxx_msg_is_more_fragments(void* msg_ptr, size_t index) { return false; }
warning: emane-core@0.1.0:       |                                                                                  ~~~~~~~^~~~~
warning: emane-core@0.1.0: src/bentpipe_stubs.c: In function 'emane_bentpipe_receivemanager_cxx_msg_get_data':
warning: emane-core@0.1.0: src/bentpipe_stubs.c:43:74: warning: unused parameter 'msg_ptr' [-Wunused-parameter]
warning: emane-core@0.1.0:    43 | WEAK const uint8_t* emane_bentpipe_receivemanager_cxx_msg_get_data(void* msg_ptr, size_t index, size_t* out_len) { *out_len = 0; return NULL; }
warning: emane-core@0.1.0:       |                                                                    ~~~~~~^~~~~~~
warning: emane-core@0.1.0: src/bentpipe_stubs.c:43:90: warning: unused parameter 'index' [-Wunused-parameter]
warning: emane-core@0.1.0:    43 | WEAK const uint8_t* emane_bentpipe_receivemanager_cxx_msg_get_data(void* msg_ptr, size_t index, size_t* out_len) { *out_len = 0; return NULL; }
warning: emane-core@0.1.0:       |                                                                                   ~~~~~~~^~~~~
warning: emane-core@0.1.0: src/bentpipe_stubs.c: In function 'emane_bentpipe_receivemanager_cxx_pktinfo_get_src':
warning: emane-core@0.1.0: src/bentpipe_stubs.c:44:71: warning: unused parameter 'pkt_info_ptr' [-Wunused-parameter]
warning: emane-core@0.1.0:    44 | WEAK uint16_t emane_bentpipe_receivemanager_cxx_pktinfo_get_src(void* pkt_info_ptr) { return 0; }
warning: emane-core@0.1.0:       |                                                                 ~~~~~~^~~~~~~~~~~~
warning: emane-core@0.1.0: src/bentpipe_stubs.c: In function 'emane_bentpipe_receivemanager_cxx_pktinfo_get_dst':
warning: emane-core@0.1.0: src/bentpipe_stubs.c:45:71: warning: unused parameter 'pkt_info_ptr' [-Wunused-parameter]
warning: emane-core@0.1.0:    45 | WEAK uint16_t emane_bentpipe_receivemanager_cxx_pktinfo_get_dst(void* pkt_info_ptr) { return 0; }
warning: emane-core@0.1.0:       |                                                                 ~~~~~~^~~~~~~~~~~~
warning: emane-core@0.1.0: src/bentpipe_stubs.c: In function 'emane_bentpipe_receivemanager_cxx_pktinfo_get_priority':
warning: emane-core@0.1.0: src/bentpipe_stubs.c:46:75: warning: unused parameter 'pkt_info_ptr' [-Wunused-parameter]
warning: emane-core@0.1.0:    46 | WEAK uint8_t emane_bentpipe_receivemanager_cxx_pktinfo_get_priority(void* pkt_info_ptr) { return 0; }
warning: emane-core@0.1.0:       |                                                                     ~~~~~~^~~~~~~~~~~~
warning: emane-core@0.1.0: src/bentpipe_stubs.c: In function 'emane_bentpipe_receivemanager_cxx_pktinfo_get_creation_time':
warning: emane-core@0.1.0: src/bentpipe_stubs.c:47:81: warning: unused parameter 'pkt_info_ptr' [-Wunused-parameter]
warning: emane-core@0.1.0:    47 | WEAK uint64_t emane_bentpipe_receivemanager_cxx_pktinfo_get_creation_time(void* pkt_info_ptr) { return 0; }
warning: emane-core@0.1.0:       |                                                                           ~~~~~~^~~~~~~~~~~~
warning: emane-core@0.1.0: src/bentpipe_stubs.c: In function 'emane_bentpipe_receivemanager_cxx_pktinfo_get_uuid':
warning: emane-core@0.1.0: src/bentpipe_stubs.c:48:72: warning: unused parameter 'pkt_info_ptr' [-Wunused-parameter]
warning: emane-core@0.1.0:    48 | WEAK uint64_t emane_bentpipe_receivemanager_cxx_pktinfo_get_uuid(void* pkt_info_ptr) { return 0; }
warning: emane-core@0.1.0:       |                                                                  ~~~~~~^~~~~~~~~~~~
warning: emane-core@0.1.0: src/bentpipe_stubs.c: In function 'emane_bentpipe_receivemanager_cxx_bpm_get_pcr_curve_index':
warning: emane-core@0.1.0: src/bentpipe_stubs.c:49:79: warning: unused parameter 'msg_ptr' [-Wunused-parameter]
warning: emane-core@0.1.0:    49 | WEAK uint16_t emane_bentpipe_receivemanager_cxx_bpm_get_pcr_curve_index(void* msg_ptr) { return 0; }
warning: emane-core@0.1.0:       |                                                                         ~~~~~~^~~~~~~
warning: emane-core@0.1.0: src/bentpipe_stubs.c: In function 'emane_bentpipe_receivemanager_cxx_freq_get_frequency_hz':
warning: emane-core@0.1.0: src/bentpipe_stubs.c:50:77: warning: unused parameter 'freq_ptr' [-Wunused-parameter]
warning: emane-core@0.1.0:    50 | WEAK uint64_t emane_bentpipe_receivemanager_cxx_freq_get_frequency_hz(void* freq_ptr) { return 0; }
warning: emane-core@0.1.0:       |                                                                       ~~~~~~^~~~~~~~
warning: emane-core@0.1.0: src/bentpipe_stubs.c: In function 'emane_bentpipe_receivemanager_cxx_freq_get_rx_power_dbm':
warning: emane-core@0.1.0: src/bentpipe_stubs.c:51:75: warning: unused parameter 'freq_ptr' [-Wunused-parameter]
warning: emane-core@0.1.0:    51 | WEAK double emane_bentpipe_receivemanager_cxx_freq_get_rx_power_dbm(void* freq_ptr) { return 0.0; }
warning: emane-core@0.1.0:       |                                                                     ~~~~~~^~~~~~~~
warning: emane-core@0.1.0: src/bentpipe_stubs.c: In function 'emane_bentpipe_receivemanager_cxx_forward_upstream':
warning: emane-core@0.1.0: src/bentpipe_stubs.c:52:68: warning: unused parameter 'cpp_this' [-Wunused-parameter]
warning: emane-core@0.1.0:    52 | WEAK void emane_bentpipe_receivemanager_cxx_forward_upstream(void* cpp_this, void* pkt_info_ptr, uint16_t dst, const uint8_t* data, size_t len) {}
warning: emane-core@0.1.0:       |                                                              ~~~~~~^~~~~~~~
warning: emane-core@0.1.0: src/bentpipe_stubs.c:52:84: warning: unused parameter 'pkt_info_ptr' [-Wunused-parameter]
warning: emane-core@0.1.0:    52 | WEAK void emane_bentpipe_receivemanager_cxx_forward_upstream(void* cpp_this, void* pkt_info_ptr, uint16_t dst, const uint8_t* data, size_t len) {}
warning: emane-core@0.1.0:       |                                                                              ~~~~~~^~~~~~~~~~~~
warning: emane-core@0.1.0: src/bentpipe_stubs.c:52:107: warning: unused parameter 'dst' [-Wunused-parameter]
warning: emane-core@0.1.0:    52 | WEAK void emane_bentpipe_receivemanager_cxx_forward_upstream(void* cpp_this, void* pkt_info_ptr, uint16_t dst, const uint8_t* data, size_t len) {}
warning: emane-core@0.1.0:       |                                                                                                  ~~~~~~~~~^~~
warning: emane-core@0.1.0: src/bentpipe_stubs.c:52:127: warning: unused parameter 'data' [-Wunused-parameter]
warning: emane-core@0.1.0:    52 | WEAK void emane_bentpipe_receivemanager_cxx_forward_upstream(void* cpp_this, void* pkt_info_ptr, uint16_t dst, const uint8_t* data, size_t len) {}
warning: emane-core@0.1.0:       |                                                                                                                ~~~~~~~~~~~~~~~^~~~
warning: emane-core@0.1.0: src/bentpipe_stubs.c:52:140: warning: unused parameter 'len' [-Wunused-parameter]
warning: emane-core@0.1.0:    52 | WEAK void emane_bentpipe_receivemanager_cxx_forward_upstream(void* cpp_this, void* pkt_info_ptr, uint16_t dst, const uint8_t* data, size_t len) {}
warning: emane-core@0.1.0:       |                                                                                                                                     ~~~~~~~^~~
warning: emane-core@0.1.0: src/bentpipe_stubs.c: In function 'emane_bentpipe_receivemanager_cxx_bend_downstream':
warning: emane-core@0.1.0: src/bentpipe_stubs.c:53:67: warning: unused parameter 'cpp_this' [-Wunused-parameter]
warning: emane-core@0.1.0:    53 | WEAK void emane_bentpipe_receivemanager_cxx_bend_downstream(void* cpp_this, void* pkt_info_ptr, uint16_t dst, const uint8_t* data, size_t len) {}
warning: emane-core@0.1.0:       |                                                             ~~~~~~^~~~~~~~
warning: emane-core@0.1.0: src/bentpipe_stubs.c:53:83: warning: unused parameter 'pkt_info_ptr' [-Wunused-parameter]
warning: emane-core@0.1.0:    53 | WEAK void emane_bentpipe_receivemanager_cxx_bend_downstream(void* cpp_this, void* pkt_info_ptr, uint16_t dst, const uint8_t* data, size_t len) {}
warning: emane-core@0.1.0:       |                                                                             ~~~~~~^~~~~~~~~~~~
warning: emane-core@0.1.0: src/bentpipe_stubs.c:53:106: warning: unused parameter 'dst' [-Wunused-parameter]
warning: emane-core@0.1.0:    53 | WEAK void emane_bentpipe_receivemanager_cxx_bend_downstream(void* cpp_this, void* pkt_info_ptr, uint16_t dst, const uint8_t* data, size_t len) {}
warning: emane-core@0.1.0:       |                                                                                                 ~~~~~~~~~^~~
warning: emane-core@0.1.0: src/bentpipe_stubs.c:53:126: warning: unused parameter 'data' [-Wunused-parameter]
warning: emane-core@0.1.0:    53 | WEAK void emane_bentpipe_receivemanager_cxx_bend_downstream(void* cpp_this, void* pkt_info_ptr, uint16_t dst, const uint8_t* data, size_t len) {}
warning: emane-core@0.1.0:       |                                                                                                               ~~~~~~~~~~~~~~~^~~~
warning: emane-core@0.1.0: src/bentpipe_stubs.c:53:139: warning: unused parameter 'len' [-Wunused-parameter]
warning: emane-core@0.1.0:    53 | WEAK void emane_bentpipe_receivemanager_cxx_bend_downstream(void* cpp_this, void* pkt_info_ptr, uint16_t dst, const uint8_t* data, size_t len) {}
warning: emane-core@0.1.0:       |                                                                                                                                    ~~~~~~~^~~
warning: emane-core@0.1.0: src/bentpipe_stubs.c: In function 'emane_bentpipe_receivemanager_cxx_forward_upstream_parts':
warning: emane-core@0.1.0: src/bentpipe_stubs.c:54:74: warning: unused parameter 'cpp_this' [-Wunused-parameter]
warning: emane-core@0.1.0:    54 | WEAK void emane_bentpipe_receivemanager_cxx_forward_upstream_parts(void* cpp_this, void* pkt_info_ptr, uint16_t dst, const uint8_t** data_ptrs, const size_t* data_lens, size_t num_parts) {}
warning: emane-core@0.1.0:       |                                                                    ~~~~~~^~~~~~~~
warning: emane-core@0.1.0: src/bentpipe_stubs.c:54:90: warning: unused parameter 'pkt_info_ptr' [-Wunused-parameter]
warning: emane-core@0.1.0:    54 | WEAK void emane_bentpipe_receivemanager_cxx_forward_upstream_parts(void* cpp_this, void* pkt_info_ptr, uint16_t dst, const uint8_t** data_ptrs, const size_t* data_lens, size_t num_parts) {}
warning: emane-core@0.1.0:       |                                                                                    ~~~~~~^~~~~~~~~~~~
warning: emane-core@0.1.0: src/bentpipe_stubs.c:54:113: warning: unused parameter 'dst' [-Wunused-parameter]
warning: emane-core@0.1.0:    54 | WEAK void emane_bentpipe_receivemanager_cxx_forward_upstream_parts(void* cpp_this, void* pkt_info_ptr, uint16_t dst, const uint8_t** data_ptrs, const size_t* data_lens, size_t num_parts) {}
warning: emane-core@0.1.0:       |                                                                                                        ~~~~~~~~~^~~
warning: emane-core@0.1.0: src/bentpipe_stubs.c:54:134: warning: unused parameter 'data_ptrs' [-Wunused-parameter]
warning: emane-core@0.1.0:    54 | WEAK void emane_bentpipe_receivemanager_cxx_forward_upstream_parts(void* cpp_this, void* pkt_info_ptr, uint16_t dst, const uint8_t** data_ptrs, const size_t* data_lens, size_t num_parts) {}
warning: emane-core@0.1.0:       |                                                                                                                      ~~~~~~~~~~~~~~~~^~~~~~~~~
warning: emane-core@0.1.0: src/bentpipe_stubs.c:54:159: warning: unused parameter 'data_lens' [-Wunused-parameter]
warning: emane-core@0.1.0:    54 | WEAK void emane_bentpipe_receivemanager_cxx_forward_upstream_parts(void* cpp_this, void* pkt_info_ptr, uint16_t dst, const uint8_t** data_ptrs, const size_t* data_lens, size_t num_parts) {}
warning: emane-core@0.1.0:       |                                                                                                                                                 ~~~~~~~~~~~~~~^~~~~~~~~
warning: emane-core@0.1.0: src/bentpipe_stubs.c:54:177: warning: unused parameter 'num_parts' [-Wunused-parameter]
warning: emane-core@0.1.0:    54 | WEAK void emane_bentpipe_receivemanager_cxx_forward_upstream_parts(void* cpp_this, void* pkt_info_ptr, uint16_t dst, const uint8_t** data_ptrs, const size_t* data_lens, size_t num_parts) {}
warning: emane-core@0.1.0:       |                                                                                                                                                                          ~~~~~~~^~~~~~~~~
warning: emane-core@0.1.0: src/bentpipe_stubs.c: In function 'emane_bentpipe_receivemanager_cxx_bend_downstream_parts':
warning: emane-core@0.1.0: src/bentpipe_stubs.c:55:73: warning: unused parameter 'cpp_this' [-Wunused-parameter]
warning: emane-core@0.1.0:    55 | WEAK void emane_bentpipe_receivemanager_cxx_bend_downstream_parts(void* cpp_this, void* pkt_info_ptr, uint16_t dst, const uint8_t** data_ptrs, const size_t* data_lens, size_t num_parts) {}
warning: emane-core@0.1.0:       |                                                                   ~~~~~~^~~~~~~~
warning: emane-core@0.1.0: src/bentpipe_stubs.c:55:89: warning: unused parameter 'pkt_info_ptr' [-Wunused-parameter]
warning: emane-core@0.1.0:    55 | WEAK void emane_bentpipe_receivemanager_cxx_bend_downstream_parts(void* cpp_this, void* pkt_info_ptr, uint16_t dst, const uint8_t** data_ptrs, const size_t* data_lens, size_t num_parts) {}
warning: emane-core@0.1.0:       |                                                                                   ~~~~~~^~~~~~~~~~~~
warning: emane-core@0.1.0: src/bentpipe_stubs.c:55:112: warning: unused parameter 'dst' [-Wunused-parameter]
warning: emane-core@0.1.0:    55 | WEAK void emane_bentpipe_receivemanager_cxx_bend_downstream_parts(void* cpp_this, void* pkt_info_ptr, uint16_t dst, const uint8_t** data_ptrs, const size_t* data_lens, size_t num_parts) {}
warning: emane-core@0.1.0:       |                                                                                                       ~~~~~~~~~^~~
warning: emane-core@0.1.0: src/bentpipe_stubs.c:55:133: warning: unused parameter 'data_ptrs' [-Wunused-parameter]
warning: emane-core@0.1.0:    55 | WEAK void emane_bentpipe_receivemanager_cxx_bend_downstream_parts(void* cpp_this, void* pkt_info_ptr, uint16_t dst, const uint8_t** data_ptrs, const size_t* data_lens, size_t num_parts) {}
warning: emane-core@0.1.0:       |                                                                                                                     ~~~~~~~~~~~~~~~~^~~~~~~~~
warning: emane-core@0.1.0: src/bentpipe_stubs.c:55:158: warning: unused parameter 'data_lens' [-Wunused-parameter]
warning: emane-core@0.1.0:    55 | WEAK void emane_bentpipe_receivemanager_cxx_bend_downstream_parts(void* cpp_this, void* pkt_info_ptr, uint16_t dst, const uint8_t** data_ptrs, const size_t* data_lens, size_t num_parts) {}
warning: emane-core@0.1.0:       |                                                                                                                                                ~~~~~~~~~~~~~~^~~~~~~~~
warning: emane-core@0.1.0: src/bentpipe_stubs.c:55:176: warning: unused parameter 'num_parts' [-Wunused-parameter]
warning: emane-core@0.1.0:    55 | WEAK void emane_bentpipe_receivemanager_cxx_bend_downstream_parts(void* cpp_this, void* pkt_info_ptr, uint16_t dst, const uint8_t** data_ptrs, const size_t* data_lens, size_t num_parts) {}
warning: emane-core@0.1.0:       |                                                                                                                                                                         ~~~~~~~^~~~~~~~~
warning: emane-core@0.1.0: src/bentpipe_stubs.c: In function 'emane_bentpipe_receivemanager_cxx_schedule_process':
warning: emane-core@0.1.0: src/bentpipe_stubs.c:56:68: warning: unused parameter 'cpp_this' [-Wunused-parameter]
warning: emane-core@0.1.0:    56 | WEAK void emane_bentpipe_receivemanager_cxx_schedule_process(void* cpp_this, uint64_t eor) {}
warning: emane-core@0.1.0:       |                                                              ~~~~~~^~~~~~~~
warning: emane-core@0.1.0: src/bentpipe_stubs.c:56:87: warning: unused parameter 'eor' [-Wunused-parameter]
warning: emane-core@0.1.0:    56 | WEAK void emane_bentpipe_receivemanager_cxx_schedule_process(void* cpp_this, uint64_t eor) {}
warning: emane-core@0.1.0:       |                                                                              ~~~~~~~~~^~~
warning: emane-core@0.1.0: src/bentpipe_stubs.c: In function 'emane_bentpipe_receivemanager_cxx_drop_miss_fragment':
warning: emane-core@0.1.0: src/bentpipe_stubs.c:57:70: warning: unused parameter 'cpp_this' [-Wunused-parameter]
warning: emane-core@0.1.0:    57 | WEAK void emane_bentpipe_receivemanager_cxx_drop_miss_fragment(void* cpp_this, uint16_t src, uint16_t dst, size_t total_bytes) {}
warning: emane-core@0.1.0:       |                                                                ~~~~~~^~~~~~~~
warning: emane-core@0.1.0: src/bentpipe_stubs.c:57:89: warning: unused parameter 'src' [-Wunused-parameter]
warning: emane-core@0.1.0:    57 | WEAK void emane_bentpipe_receivemanager_cxx_drop_miss_fragment(void* cpp_this, uint16_t src, uint16_t dst, size_t total_bytes) {}
warning: emane-core@0.1.0:       |                                                                                ~~~~~~~~~^~~
warning: emane-core@0.1.0: src/bentpipe_stubs.c:57:103: warning: unused parameter 'dst' [-Wunused-parameter]
warning: emane-core@0.1.0:    57 | WEAK void emane_bentpipe_receivemanager_cxx_drop_miss_fragment(void* cpp_this, uint16_t src, uint16_t dst, size_t total_bytes) {}
warning: emane-core@0.1.0:       |                                                                                              ~~~~~~~~~^~~
warning: emane-core@0.1.0: src/bentpipe_stubs.c:57:115: warning: unused parameter 'total_bytes' [-Wunused-parameter]
warning: emane-core@0.1.0:    57 | WEAK void emane_bentpipe_receivemanager_cxx_drop_miss_fragment(void* cpp_this, uint16_t src, uint16_t dst, size_t total_bytes) {}
warning: emane-core@0.1.0:       |                                                                                                            ~~~~~~~^~~~~~~~~~~
warning: emane-core@0.1.0: src/bentpipe_stubs.c: In function 'emane_bentpipe_receivemanager_cxx_delete_msg':
warning: emane-core@0.1.0: src/bentpipe_stubs.c:58:62: warning: unused parameter 'ptr' [-Wunused-parameter]
warning: emane-core@0.1.0:    58 | WEAK void emane_bentpipe_receivemanager_cxx_delete_msg(void* ptr) {}
warning: emane-core@0.1.0:       |                                                        ~~~~~~^~~
warning: emane-core@0.1.0: src/bentpipe_stubs.c: In function 'emane_bentpipe_receivemanager_cxx_delete_pkt_info':
warning: emane-core@0.1.0: src/bentpipe_stubs.c:59:67: warning: unused parameter 'ptr' [-Wunused-parameter]
warning: emane-core@0.1.0:    59 | WEAK void emane_bentpipe_receivemanager_cxx_delete_pkt_info(void* ptr) {}
warning: emane-core@0.1.0:       |                                                             ~~~~~~^~~
warning: emane-core@0.1.0: src/bentpipe_stubs.c: In function 'emane_bentpipe_receivemanager_cxx_delete_freq_segments':
warning: emane-core@0.1.0: src/bentpipe_stubs.c:60:72: warning: unused parameter 'ptr' [-Wunused-parameter]
warning: emane-core@0.1.0:    60 | WEAK void emane_bentpipe_receivemanager_cxx_delete_freq_segments(void* ptr) {}
warning: emane-core@0.1.0:       |                                                                  ~~~~~~^~~
error: could not compile `emane-core` (bin "test_plugin_loader") due to 1 previous error; 1 warning emitted
